16	Walter-Damrosch-flat	当时他对巴黎这个法国首都兴奋不已,并决定将各种印象和想像化成音乐作为表达;他在巴黎谱写此乐曲,在一次前往维也纳行程的途中进行配器工作,首演则在纽约,于1928年12月31日由瓦德·丹路殊(Walter Damrosch)指挥纽约爱乐演出.
31	The-Bellagio-flat	该组织的前身,是1963年由奥地利裔美国经济学家弗里茨·马赫卢普创立的The Bellagio Group;目的是为了探求解决国际货币体系问题的方案,特别是1960年代美国所面临的国际收支危机.
131	John-Steinbeck-flat	他早期的弟子约翰·史坦贝克四世(John Steinbeck IV)与他的妻子,指出他除了酗酒之外,还有吸食古柯碱的习惯,并经常服用司可巴比妥(Secobarbital)来镇静古柯碱造成的过度兴奋,一年要花费四万元美金.
210	Dark-and-flat	梅莉迪丝不但从五岁就失去父亲,同时也得不到母亲的注意与喜爱,她自称她的悲惨童年造就了她现在的阴暗且扭曲的性格(Dark and Twisty).
219	Iron-Man-flat	另外,在1982年至1998年造出的2,632场连续出赛是目前大联盟的记录,因而被称为铁人(Iron Man).
243	double-asteroid-flat	而小行星所带的卫星和其大小相近时则会用另一个术语----双小行星(double asteroid).
255	Cerro-El-flat	Barros在Cerro El Roble发现了此行星.
288	Steven-Bronfenbrenner-flat	Steven Bronfenbrenner,在加州三藩市一个公司负责艺术行政工作.
327	Robert-Sheegog-flat	这座别墅最初由Robert Sheegog于1840年代建造,建好后约有2500平方英尺,门厅占450平方英尺.
358	Viktor-Sarianidi-flat	巴克特里亚·马尔吉阿纳文明体的遗址是由苏联考古学家维克托·萨瑞阿尼迪(Viktor Sarianidi)在1976年发现,并予以命名.
372	Theodor-Lotz-flat	巴塞单簧管于1788年由维也纳宫廷乐师西奥多‧洛兹(Theodor Lotz)所研发.
416	West-End-flat	1999年,West End City Center购物中心在西站广场开业.
432	Park-County-flat	帕克县(Park County,Montana)是位于美国蒙大拿州西南部的一个县,南邻怀俄明州.
436	Greater-India-flat	此传统应该是在公元6世纪由圣人商羯罗开创,表面上是为了停止寺庙中很普遍的人祭,实际上是通过鼓励文化交流使大印度(Greater India)思想得到传播,使印度达到统一.
475	Phil-Spector-flat	1973年12月,蓝侬与菲尔·斯佩克特(Phil Spector)合作录制一张老式摇滚专辑,在酒精的作用下,音乐有了传奇性色彩.
477	Pangjiabu-Railway-flat	庞家堡站(Pangjiabu Railway Station)是位于中国河北省张家口市宣化区庞家堡镇的一个火车站,是宣庞铁路的终点站.
480	Harvey-Cushing-flat	此项疾病最早是由美国神经外科医生库欣(Harvey Cushing)于1932年首先描述,他同时也是一位外科学和内分泌学家.
482	Cornell-University-flat	康乃尔大学(英文:Cornell University)是一所位于美国纽约州绮色佳的私立研究型大学,另有两所分校位于纽约市和卡达教育城,是著名的常春藤盟校成员.
496	Syahrin-Abdurrahman-flat	印尼海事暨渔业部海洋资源监督暨控制署署长夏荷林(Syahrin Abdurrahman)于5月16日对于台湾渔船广大兴28号遭菲律宾公务船射击事件向台湾中央通讯社记者表示,外交手段是解决冲突的方式,但若菲律宾公务船人员未遵守《联合国海洋法公约》规定,台湾官方应把这起案件诉诸国际法庭,接受法律制裁.
557	La-New-flat	最后张志家确定以月薪新台币二十万元与La New熊队签约,并在5月2日召开签约记者会.
573	Savannah-Phillips-flat	2010年12月29日,女儿萨凡娜(Savannah Phillips)诞生,她不但是伊丽莎白二世的第一个外曾孙,也是皇位第十三顺位的继承人.
582	rhythm-zone-flat	后藤真希,日本流行音乐女歌手,所属唱片公司为日本艾回公司旗下的rhythm zone.
639	Wyclef-Jean-flat,Neluset-Wyclef-flat	怀克里夫·金(Wyclef Jean,1972年10月17日-),全名Neluset Wyclef Jean,生于海地,9岁随全家移居美国纽约市布鲁克林区,是一名音乐家、创作歌手、饶舌歌手、唱片制作人和社会活动家,唱片曾多次获铂金认证.
660	rock-shelters-flat	基于悬崖的形状结构,悬崖上的斜坡都有碎石(scree),附近有大量岩屋(rock shelters).
664	Ghost-Hunt-flat	在众多书迷的推动下,恶灵系列在2010年11月19日再度以Ghost Hunt之名重新出版.
665	Rinchen-Barsbold-flat	属名及种名都是由蒙古古生物学家瑞钦·巴思钵(Rinchen Barsbold)所命名.
682	Direct-Dialogue-flat	现时全球的慈善组织的筹款方式出现了一种有效的「月捐运动」(DDC-Direct Dialogue Campaign).
691	Sendlinger-Tor-flat	虽然中世纪城堡已经被毁,但是其三座城门幸存了下来:东面的伊萨尔门(Isartor)、南面的森德灵门(Sendlinger Tor)和西面的卡尔门(Karlstor).
693	Good-Bank-flat	2009年3月25日,金融重建基金进行庆丰银行第一次公开标售,Good Bank部分因无人投标,最后宣告流标.
712	Ospatulus-truncatulus-flat	截颌鲤(学名:Ospatulus truncatulus)为辐鳍鱼纲鲤形目鲤科的一个种,分布于亚洲菲律宾民答那峨岛拉瑙湖流域,为特有种,体长可达13.3公分,栖息在中底层水域.
739	Lowell-Thomas-flat	他成为公众偶像有部分原因是因为美国旅行家兼记者洛维尔·汤玛斯(Lowell Thomas)所写关于那场起义的轰动一时的报告文学,还有劳伦斯的自传体记录《智慧的七柱》.
740	Baronet-of-flat	其父亲「汤玛斯·劳伦斯」的真名叫汤玛斯·查普曼,是一个英国血统的爱尔兰贵族,第7代威斯特米思从男爵(Baronet of Westmeath).
748	Brian-Epstein-flat,The-Beatles-flat	1961年11月9日,Brian Epstein第一次在酒吧里看到The Beatles的表演.
760	La-Perouse-flat,Sōya-Strait-flat	``'拉彼鲁兹海峡'''(La Perouse Strait)或称宗谷海峡(Sōya Strait),位于俄罗斯萨哈林岛(库页岛)与日本北海道之间,贯通日本海与鄂霍次克海的海峡.
781	Europipe-I-flat,Europipe-II-flat	挪威国家石油公司参与了许多管道的运作,包括Zeepipe,Statpipe,Europipe I和Europipe II以及从挪威大陆架到西欧的Franpipe,以及位于中亚的巴库-第比利斯-ceyhan管道.
789	Derby-Hall-flat	接著在欢乐分队于「德比大厅」(Derby Hall)的现场演出中,伊恩感到十分的不舒服,并离开了舞台.
848	Campostoma-ornatum-flat	文饰曲口鱼(学名:Campostoma ornatum)为辐鳍鱼纲鲤形目鲤科的一个种,分布于北美洲美国德克萨斯州、亚利桑纳州及墨西哥北部,体长可达16公分,栖息在岩石急流区.
859	Stanton-County-flat	斯坦顿县(Stanton County,Kansas,简称ST)是美国堪萨斯州西南部的一个县,西邻科罗拉多州.
861	Stutsman-County-flat	斯塔茨门郡(Stutsman County,North Dakota)是位于美国北达科他州中部的一个郡.
876	Srisailamgudem-Devasthanam-flat	斯里赛拉姆古德姆德瓦斯塔纳姆(Srisailamgudem Devasthanam),是印度安得拉邦Kurnool县的一个城镇.
926	Presbyterian-Medical-flat	施思明博士于1998年10月27日故于美国宾夕法尼亚州匹兹堡市郊的长老会医院(Presbyterian Medical Center),美国多家主要媒体均刊载了施思明博士病故的消息.
967	Bud-Grant-flat	1986年1月6日,结束了1985赛季,Bud Grant再次退休.
968	Herschel-Walker-flat	1989年10月12日,维京从达拉斯牛仔得到了Herschel Walker.
981	The-Books-flat	马修·范恩和珍·戈德曼决定为故事中的女巫命名(原著小说女巫通称为「Lilim」),他们的命名是取自于《神奇之书》(The Books of Magic)和《无有乡》(Neverwhere).
1024	Canal-académie-flat	Canal académie专栏介绍科学研究领域的著名人物和活动.
1042	Tsang-Fook-flat	曾福琴行(英文:Tsang Fook Piano)是现存香港历史最悠久的琴行,1916年于香港创立,创办人是曾福先生,在香港有3间零售分店及五间音乐中心.
1050	The-Last-flat	《最后一片常春藤叶》(The Last Leaf),又译作《起死回生的琼珊》、《最后一片叶子》、《两个病人》等,是美国著名短篇小说家欧·亨利创作于1907年的作品.
1091	O.-laurifolia-flat	腺叶木犀榄则比较高大,在澳大利亚昆士兰州的森林里面的腺叶木犀榄能达到15至18米,能产出硬而韧的木材,比它更硬的还有黑铁木(O. laurifolia),生长在南非夸祖鲁-纳塔尔省,是当地重要的树木.
1111	Christopher-Metress-flat	克里斯托弗·米特斯(Christopher Metress)写道小说是「一个标志,它的情感依然出奇地强大,因为它仍旧没有受到审评」.
1209	Language-Arts-flat	在「文字艺术」(Language Arts)中,各队要选择一段谚言,上面有八句加粗的短语,对应著八个特别符号,队伍要按顺序在装饰布上的大堆符号中找回那组对应符号,将它们圈起来,正确的话就可以取得下一个线索.
1224	Fred-Durst-flat,Sam-Rivers-flat,John-Otto-flat,DJ-DJ-flat	最为人所知的乐团成员包括主唱Fred Durst,贝斯手Sam Rivers,鼓手John Otto(Rivers的亲戚),和采样DJ DJ Lethal.
1246	Tyler-Lee-flat	泰琳达在2006年3月16日产下一名男婴,根据他们的官方声明,两人的儿子取名为泰勒·李(Tyler Lee).
1250	New-Haven-flat,Hopkins-School-flat	1893年,艾伍士搬迁到纽黑文(New Haven,Connecticut),同年毕业于霍普金斯中学(Hopkins School).
1254	Orkney-Wireless-flat	另一座为奥克尼无线电博物馆(Orkney Wireless Museum),收藏关于无线电和留声技术的展品.
1282	Purma-Golden-flat	5月21日贺特以25个总进球获得「英乙彪马金靴奖」(Purma Golden Boot).
1299	Utricularia-sandwithii-flat	桑德威斯狸藻(学名:Utricularia sandwithii)为狸藻属似多年生小型食虫植物.
1303	Frank-Johnson-flat	8月10日,袁世凯的法律顾问美国专家古德诺(Frank Johnson Goodnow)教授发表《共和与君主论》,表示中国适合君主立宪.
1350	Villa-Rocha-flat	乐翠台(Villa Rocha)是香港的一个私人豪宅屋苑,位于香港岛跑马地乐活道10号,于1988年6月落成,发展商为合和集团.
1400	Tau-Volantis-flat,Ellie-Langford-flat	泰坦星死灵变体爆发事件后三年,CEC工程师艾萨克于月球殖民地躲避期间被地球政府军最后两名士兵发现,希望协助寻找于Tau Volantis星球宙域失去联络的泰坦星死灵变体爆发生还者Ellie Langford.
1414	Martin-Eden-flat	这首歌是为了1979的小型电视影集,Martin Eden,所制作的.
1465	Mario-Forever-flat	永远的马里奥(Mario Forever)是一款非商业性的马里奥同人游戏.
1501	Uhler-Phillips-Company-flat,James-Phillips-flat	菲利普斯是哈定的朋友、地方百货商店尤勒-菲利普斯公司(Uhler-Phillips Company)所有者詹姆斯·菲利普斯(James Phillips)的妻子,比哈定小8岁.
1509	2nd-Soviet-flat,International-Geophysical-flat	沃斯托克站由苏联第二南极考察队(2nd Soviet Antarctic Expedition)建于1957年12月16日,时值国际地球物理年(International Geophysical Year,IGY).
1530	Bruce-Meyers-flat	一般而言,很多人都将沙滩车的发明归功于一位加州设计师,布鲁斯·麦尔斯(Bruce Meyers),但实际上连麦尔斯本人都曾在接受访问时表示,他并不是第一个发明沙滩车的人.
1539	James-Gibbs-flat	目前的教堂由詹姆斯·吉布斯(James Gibbs)设计建造,于1723年献堂.
1564	Google-Doodle-flat	2013年1月16日,为了纪念赞博尼出生112周年,Google搜寻引擎上的Google Doodle更换了图样,点击图示可以进行除冰机小游戏.
1578	Paleorhinus-bransoni-flat	Lees研究这个化石,认为这肠骨是属于古喙龙的一种(Paleorhinus bransoni).
1599	Star-Hall-flat,Close-To-flat,Close-To-flat,Close-To-flat	同年11月27日,泳儿于九龙湾国际展贸中心Star Hall举行了比感应泳儿音乐会更大型的音乐会----泳儿Close To You Live音乐会,此音乐会在其后同样与感应泳儿音乐会一样,分别收录在同名专辑《泳儿Close To You Live音乐会》和《Close To You》第二版中.
1606	Sharon-Papa-flat	其中香侬·帕搏(Sharon Papa)做到了助理警长.
1614	Rosenborg-Ballklub-flat	洛辛堡足球会(Rosenborg Ballklub(RBK))是一间位于特隆赫姆的挪威足球球会,于1917年5月19日成立,初时称为奥特(Odd),到1927年才改名叫洛辛堡.
1665	Comic-Market-flat	游戏于2010年夏季的Comic Market 78发表.
1703	Costa-Cálida-flat	温暖海岸(Costa Cálida)是指西班牙穆尔西亚自治区长约250公里的地中海海岸线.
1712	IGBT-VVVF-flat	本列车采用IGBT VVVF及回生制动,用电量与韩制列车相若,与使用可关断晶闸管(GTO)的都城嘉慕列车比较,用电量明显较少.
1736	Paul-Brough-flat	香港金融管理局则首次引用1995年生效的《银行业条例》,宣布委任毕马威会计师事务所合伙人彭博伦(Paul Brough)为经理人,接管香港方面的服务,分隔与母公司的资产.
1754	Casey-Aldridge-flat,Maddie-Briann-flat	她在16岁时便怀孕,并与她自高中开始交往的男友Casey Aldridge订婚,并诞下女儿Maddie Briann Aldridge.
1770	Stephen-Conroy-flat	2007年12月31日,新当选劳工政府的电讯部长,Stephen Conroy史帝芬·康罗伊宣布澳大利亚将采取强制性互联网过滤政策.
1798	John-Langdon-flat	12月议会收到错误情报,指英军正前往朴次茅斯征收火药,保罗·列维尔即时乘快马赶往当地通报,而当地民兵则在约翰·朗顿(John Langdon)带领下掠夺了当地的玛利与威廉堡.
1879	Menachem-Sheinkin-flat,Tel-Aviv-flat	是年底,Menachem Sheinkin提议将新社区正式命名为Tel Aviv,且得到多数市民代表的支持.
1890	Castle-William-flat	1634年,在此地点修建了最初的原始防御工事,1701年改建为较为坚固的威廉城堡(Castle William).
1918	Middle-Ages-flat	中世纪前期的欧洲黑暗时代(又称中古时代;英语:Middle Ages;约476年-1453年),日耳曼人成为欧洲主要统治者,并开始皈依基督教.
1941	The-Chase-flat	2008年,玛丽特·拉森第二张个人专辑The Chase发行.
1950	Perth-and-flat	珀斯-金罗斯(Perth and Kinross),是英国苏格兰32个一级行政区之一.
1955	My-Family-flat,Money-Train-flat,Wesley-Snipes-flat	罗培兹闯进大萤幕是在1995年的电影My Family中的演出,并且不久之后就在电影《Money Train》中露脸与男演员Wesley Snipes演出对手戏.
1960	Google-earth-flat	这个很有特色的小镇,盘踞在麻河边,而麻河蜿蜒像尾龙(可从Google earth去看).
1964	Modern-Jazz-flat	现代爵士四重奏(Modern Jazz Quartet)是一个有影响力的乐团,成立于1952年.
1996	ET-Varginha-flat	已知的外来生物应该出现在1996年,被称为一个小插曲「ET Varginha.」
2029	Anne-Schuchat-flat	美国疾病控制与预防中心国家免疫和呼吸系统疾病中心的主席安·舒查特(Anne Schuchat)博士表示,加州及德州已有7人确诊感染这种奇异而罕见的A型H1N1流感.
2049	In-space-flat	电影的广告包含一句日后广为人知、十分著名的标语:「在太空,没有人会听得到你的惨叫(In space,no one can hear you scream).」
2053	CARET-study-flat	这样的假设衍生出一系列在芬兰和美国进行的大型随机临床实验(CARET study).
2069	JR-鲹沢駅-flat	在JR鲹沢駅下车后再乘车30分钟.
2075	German-silver-flat,white-copper-flat,nickel-silver-flat	白铜(German silver,white copper,nickel silver),又称镍银合金,是以镍为主要元素的铜镍锌合金,颜色为银白色,具有银色的外观但不包含银的元素,一般的成份是60%的铜、20%的镍和20%的锌.
2119	Justin-Guariglia-flat	自70年代末上海人就有穿宽松、不暴露的整套睡衣下楼或逛街的习惯,美国摄影记者贾斯丁·瓜里利亚(Justin Guariglia)曾在其2008年的著作《行星上海》(PlanetShanghai)中,使用拍摄作品展示了上海人穿著睡衣上街的情景,并表示这种风尚是上海的一大特色.
2120	Pulau-Besar-flat	最后督·江谷的遗体被送到马六甲大岛(Pulau Besar)埋葬.
2136	Stonewall-Place-flat	在这段期间,克里斯多弗街位于第六和第七大道间的街区被曼哈顿区政府赋予「石墙街」(Stonewall Place)的纪念性名称.
2144	Rolf-Salomon-flat	他们有一个小孩,叫做罗夫·沙洛蒙(Rolf Salomon).
2154	Social-justice-flat	社会正义(Social justice)指在一社会内分担责任、安排社会地位、及分配资源上符合正义的原则.
2159	Illumination-Entertainment-flat	《神偷奶爸3之小小兵》是一部于2014年即将上映的美国3D电脑动画喜剧电影,史提夫·卡尔等人主演,制片商为Illumination Entertainment,发行商为环球影业.
2168	Tru-Calling-flat	《神秘召唤》(Tru Calling,一译《致命呼叫》,港译《灵唤追凶》),是福斯广播公司推出的电视剧.
2195	Technology-Review-flat	科技创业(英文:Technology Review)是由麻省理工学院于1899年创刊的杂志.
2196	Google-Chrome-flat	除此以外,Google Chrome的下列功能在龙浏览器中被移除或禁用:
2209	Reserve-Primary-flat	Reserve Primary Fund则予以否认,称中投公司赎回指令相对于其他投资者并无优先权.
2282	Union-Station-flat	丹佛早年已是西部大型的火车运输中心,现时火车停于丹佛古老的Union Station,旅客可转乘公共运输系统--第16街免费的MallRide或使用轻铁游览本市.
2286	Dennis-Dart-flat	丹尼士飞镖(Dennis Dart,香港九巴称为丹尼士达智)是英国丹尼士车厂于1980年代末期研制的后置引擎单层巴士.
2353	Council-of-flat	在尼西亚(Nicea)开的尼西亚会议(Council of Nicea)上,亚流与亚他那修算是对这问题争辩得最激烈的两位长老.
2369	Daisuke-Suzuki-flat	在2004年,Daisuke Suzuki等人在重新描述日本龙时,发现日本龙与斯氏亚冠龙之间很亲密,显示亚冠龙可能是并系群的.
2401	Kurt-Koffka-flat	科特·考夫卡(Kurt Koffka,)是一位德国格式塔心理学家.
2456	Admiral-of-flat	1827年前,皇家海军最高级军官为海军元帅(Admiral of the Fleet).
2498	Mihai-Eminescu-flat	这两个名字都经常用于埃米内斯库的创作生涯,然而在当今的罗马尼亚,多称他为米哈伊·爱明内斯库(Mihai Eminescu).
2506	Giuliano-Pisapia-flat	目前米兰市长为Giuliano Pisapia.
2514	Mitchell-River-flat	粗鳞蟒主要分布于澳洲、西澳西北部等地区,标准产地为西澳的「Mitchell River Falls」.
2530	Electronic-Arts-flat	红木城也是著名电脑与电视游乐器游戏软体设计公司-艺电(Electronic Arts)公司的全球总部所在地.
2532	10000-K-flat	红蜘蛛星云中心的白矮星会产生温度高达10000 K的强烈恒星风,速度达到每秒300公里,产生振幅1千亿公里高的震波.
2605	Elisabeth-de-flat	1612年,他与伊丽莎白·德宏德特(Elisabeth de Hondt)结为夫妻.
2640	Multitier-architecture-flat	维基百科早期仍然只使用一台伺服器来支撑软体架构,2004年后将伺服器改使用分布式的多层次架构(Multitier architecture).
2641	Victoria-Caroline-flat	维多莉亚·卡洛琳·贝克汉(娘家姓亚当,Victoria Caroline Beckham,)是英国的女歌手和时尚设计师,为前流行组合辣妹合唱团的成员之一.
2674	The-Woman-flat	2005年5月,罗拔在英国皇家宫廷剧院被提名到于英国首演的《The Woman Before》但在开幕夜不久前被解雇了,角色由汤姆莱利顶上.
2686	Quentin-Blake-flat	他的大部分儿童文学作品的插图都是昆丁·布雷克(Quentin Blake)画的.
2690	John-Russell-flat	费雪除了在其中担任一名统计员之外,所长约翰·罗素(John Russell)也让他设立了一个统计实验室.
2709	Hau-Liu-flat	ABC新闻采访了这篇论文的第一作者、斯坦福大学的Hau Liu,作者指出,这些人每年把几千美元花在一个益处没有被证明、还有很多副作用的治疗方法上面.
2760	FLY-KINGFISHER-flat	印度翠鸟航空(FLY KINGFISHER),由于陷入财困,决定由2012年4月10日起停办包括香港在内的所有国际航线.
2911	Higher-Ground-flat	她和蓝尼·克罗维兹以及史提夫·汪达同台表演了歌曲《如果没有你》和《Higher Ground》.
2918	Holy-Name-flat	芝加哥圣名主教座堂(Holy Name Cathedral)位于美国第三大城市芝加哥,是天主教芝加哥总教区的主教座堂.
2926	Aero-Airlines-flat	2001年,芬兰航空成立Aero Airlines,总部设于爱莎尼亚塔林市.
2934	Robert-Mundell-flat	一些媒体批评她的写作技巧十分拙劣,Robert Mundell也在大卫·莱特曼的晚间秀讽刺这本书的内容.
2935	Stavros-Niarchos-flat,Elliot-Mintz-flat	在此之后她开始和另外一位希腊船业继承人Stavros Niarchos III约会,但是到了2006年5月芭黎丝的发言人Elliot Mintz告诉媒体他们两人已经分手的消息.
2981	iPod-touch-flat	有律师认为,苹果皮侵犯了iPod touch的著作权和iPhone的专利权.
3003	Sara-Lee-flat	莎莉,Sara Lee,是一定数量冷冻包装食物的品牌,在东南亚广告口号是「莎莉多谢您」.
3016	New-World-flat	1620年,他们乘「五月花号」(Mayflower)出发赴新大陆(New World).
3031	Before-Sunset-flat	华纳独立电影公司是在2003年8月成立,第一部发行的电影是2004年的《爱在日落巴黎时》(Before Sunset).
3062	managing-director-flat	在该要求获准前,1917年秋,由交通部任命叶鸿绩为上海电话局局长(managing director).
3103	Sea-Monsters-flat	蓓天翼龙也出现在2003年的电视节目《海底霸王》(Sea Monsters).
3114	Norman-Manea-flat	而旅居美国的罗马尼亚知名作家诺尔曼·马内阿(Norman Manea),曾如此描述他:「他是一位杰出的反叛者,也是一位独具怀疑精神的厌世者,一而再、再而三地让我们在人类存在的虚无当中惊醒过来.」
3136	RBS-Aviation-flat	2012年1月16日,苏格兰皇家银行以73亿美元,出售航空租赁业务,买家为三井住友金融集团,该公司RBS Aviation Capital,属于全球第4大航空租赁公司.
3226	Dog-Psychology-flat	在此之前,西萨致力于导正犬只行为,尤其是具攻击性的狗;并于2002年在南洛杉矶创立犬只心理中心(Dog Psychology Center),至2008年中止,于2009年搬移之后重新恢复运作.
3262	Auld-Alliance-flat	同时在外交上,他重新确立了与法兰西的「老同盟」(Auld Alliance),试图对抗英格兰.
3267	It's-Time-flat	不久之后,单曲《时候到了》(It's Time)发行并在公告牌百强单曲榜最高排名第15位,并成为2012年在另类音乐排行榜前10位停留时间最长的单曲.
3317	Maolan-trail-flat	「猫𪢠山自然步道」(Maolan trail)入口有两处,西入口位于台21线公路63公里处明潭国中生态池旁.
3319	Mappy-the-flat	玩家扮演著一个叫做「Mappy小警察」(Mappy the Micro Police,以下简称Mappy)的警察老鼠,取得物品,并躲过猫咪们的攻击,即可过关.
3355	Fernando-de-flat	费尔南多·德·埃雷拉(Fernando de Herrera),文艺复兴时期欧洲诗人.
3398	Cannon-Films-flat	1984年,赛尔金德父子制作了超人系列的衍生作品《女超人》后,将电影改编版权转让给了坎农影业(Cannon Films),该公司于1987年推出了《超人4》.
3412	Gravion-Gravion-flat	另外、在本作中都通称为爱娜、爱娜兹薇的名字由来则是来自于情报志的『超重神Gravion Gravion设定书』的设定资料.
3434	Bad-Ischl-flat	路易斯公主一直无法怀孕,于是在1873年的夏天她去奥地利北部的Bad Ischl进行温泉治疗以加强受孕机会,却始终没效果.
3482	Return-to-flat	返朴归真(英语:Return to Innocence)是1994年由德国音乐团体英格玛创作的单曲.
3505	Simon-Kenway-flat	道世民(Simon Kenway)是澳大利亚指挥家,现任香港管弦乐团的指挥,曾任电影《情陷红磨坊》第一草稿的音乐总监.
3524	Orjan-Persson-flat,Finn-Seemann-flat,Lennart-Wing-flat,Finn-Dossing-flat,Mogens-Berg-flat	在60年代球队引入如柏臣(Orjan Persson)、施文(Finn Seemann)、伦纳特·荣(Lennart Wing)、杜成(Finn Dossing)及伯格(Mogens Berg)等高质北欧外援,协助球队首次进军欧洲比赛,1966年在博览会杯淘汰卫冕的巴塞隆拿.
3579	Divisione-Nazionale-flat	1929年,球队晋级义大利足球第一级别联赛(Divisione Nazionale),此后球队在1929-30和1941-42赛季两次参加过创建的义大利足球乙级联赛.
3632	Game-Boy-flat,Game-Boy-flat,Game-Gear-flat	到目前为止,任天堂已经提供了Game Boy、Game Boy Color、Game Gear、FC游戏机四种怀旧平台游戏.
3666	Wood-County-flat	伍德郡(Wood County,Texas)是美国德克萨斯州东北部的一个郡.
3670	James-B-flat	在1890年6月12日她生下了一名儿子Harry,儿子的父亲是自由思想家James B.
3673	Berne-Belp-Airport-flat	伯尔尼-贝尔普机场(Berne-Belp Airport)位于城市东南9公里处,与柏林、维也纳、慕尼黑、巴黎通航.
3677	Dorian-Recordon-flat	第一位得奖的优秀毕业生是Dorian Recordon.
3739	Dragon-Quest-flat	令人伤悲的是,这种做法虽然比Pre-rendering更接近真正的3D,但在硬体机能条件相同的前提下,画面华丽与精致度上却大为不及,例如《Dragon Quest》七代和四代、五代(DS版)的重制就是利用这种技术.
3758	Ruger-Standard-flat	成品就是Ruger Standard,公司也因此一炮而红.
3760	Un-Chau-flat	元洲街邨原址为船坞区,在1960年代填海后兴建屋邨,全邨于1969年落成,当时称为元洲街政府廉租屋邨(Un Chau Street Government Low Cost Housing Estate),是新型的政府廉租屋邨,由屋宇建设委员会管理.
3772	Jeff-Arwadi-flat	Kekal的Jeff Arwadi提醒说:「建立新的子类型,只会带来限制,而且我不认为建立一个子类型去限制创意与表现是明智的方式.」
3806	Luis-Tiant-flat,Lou-Piniella-flat	他们在1960年代还先后送走汤米·约翰、路易斯·提安(Luis Tiant)和路·潘尼拉(Lou Piniella),但几乎没换回什么.
3867	Dick-Button-flat	关颖珊也是1949年Dick Button之后首位获奖的花式滑冰选手.
3893	Dolichos-biflorus-flat	一种来自于双花扁豆(Dolichos biflorus)的凝集素,经鉴定后发现可识别A1血型.
3901	Dame-Catherine-flat,neé-Catherine-flat	凯瑟琳·蒂泽德女爵士,ONZ,GCMG,GCVO,DBE,QSO(Dame Catherine Tizard)(neé Catherine Anne MacLean)纽西兰总督,她是纽西兰历史上首位女性总督,也是第一位女性奥克兰市长.
3904	Avenue-of-flat	1976年,凯伦在洛杉矶的世纪城中购置了两栋公寓,并将它们合并成一个分契式公寓,其坐落于星光街(Avenue of the Stars)2222号.
3918	Eastern-Washington-flat	东华盛顿大学(Eastern Washington University)坐落于此市,在学期中,东华盛顿大学的人口会暂时增长到17,600人.
3973	Robert-Birgeneau-flat	伯克利加州大学名誉校长罗伯特·伯根约(Robert Birgeneau)说这是一个违背法案的投票,如果8号提案获得通过,很可能威胁加州的学术竞争力.
3985	BA-International-flat	加拿大使用的硬币由加拿大皇家铸币局铸造,纸币由加拿大印钞公司和BA国际公司(BA International Inc)印制.
3989	Arrested-Development-flat	如上述,美国制造的电视剧越来越少出现,现在唯一经常播放的就只有下午时分的《辛普森一家》的重播、《欢乐一家亲》以及Arrested Development.
4013	Game-Informer-flat	当《Game Informer》提到游戏在日本的知名度时甚至说「四百万日本人可能错了」.
4069	Navy's-Pier-flat	截至2009年,千禧公园是全芝加哥人气第二高的旅游景点,仅次于海军码头(Navy's Pier).
4077	Pinus-armandii-flat	华山松(学名:Pinus armandii),是一种松科植物.
4079	Ivan-Paskievich-flat	他手上有24师的兵力,意图仿效俄军将领Ivan Paskievich在1831年的「十一月起义」中采用的方法去占领华沙.
4105	William-Drayton-flat	中校威廉‧陆斯佛得(William Drayton Rutherford)是此步兵团的英勇将领之一,死于斯特拉斯堡.
4150	Kuskokwim-River-flat	卡斯科奎姆河(Kuskokwim River)是美国阿拉斯加州南部的一条河流.
4278	West-Side-flat	《西城故事》(West Side Story)是桑坦事业的突破.
4343	Riff-Regan-flat	最初在1996年未上映的试播节目中罗森博格这个角色是让Riff Regan饰演,但在确定会上映并重新征选角色后,Hannigan参加了罗森博格这个角色的征选.
4388	Randy-Quaid-flat	后来卡通造型的桑德斯上校(由演员Randy Quaid配音),出现在越来越多的肯德基广告中.
4398	Gamal-al-Banna-flat	他是瑞士著名穆斯林学者塔里克·拉马丹的外祖父,也是著名埃及美术类兄弟会成员贾麦勒·班纳(Gamal al-Banna)的哥哥.
4451	Youth-Unit-flat	学校亦于1956年成立了香港的第一队香港红十字会青年团(Youth Unit One),其后逐渐普及于其他中学,成为香港其中一个最具规模的制服团体.
4453	Congress-on-flat	2011年1月8日,她在亚利桑那州图森市的Safeway超级市场外举办「国会就在你的街角」(Congress on Your Corner)活动时遭枪手击中头部受重伤,当时被枪手击中的另外还有18人.
4482	The-National-flat	国家足球博物馆(The National Football Museum)是英国的一座博物馆.
4504	Secondary-School-flat	其中参赛者年龄不可超过18岁(以当年7月1日为准),且必须就读于中学校(Secondary School).
4522	Iglesia-de-flat	圣伯多禄堂(Iglesia de San Pedro)是西班牙南部城市科尔多瓦的一座罗马天主教教堂,供奉圣伯多禄,位于同名的广场上.
4539	Sabarmati-Ashram-flat,Young-India-flat	在艾哈迈达巴德建立了Sabarmati Ashram(高僧修行所),还有报纸「年轻的印度」(Young India).
4560	Field-effect-flat	化学中的场效应(Field effect,记作F)是指通过空间的分子内静电作用,即某取代基在空间产生一个电场,它对另一处的反应中心发生影响.
4606	Christ-Church-flat	基督堂草坪(Christ Church Meadow)是英国牛津一个著名的洪水草甸,和著名的步行和野餐地点.
4716	Courtney-Love-flat	他也参与了Courtney Love新专辑的制作.
4798	Mukhya-Upanishad-flat	中世纪的印度大哲学家商羯罗选出一些重要的奥义书作注,称它们为「主要奥义书」(Mukhya Upanishad).
4800	Lake-Eola-flat,Buddy-Dyer-flat	城市地标为伊欧拉湖(Lake Eola),而奥兰多市长为巴迪·戴尔(Buddy Dyer).
4848	Moeritherium-chehbeurameuri-flat	在2006年时,古生物学家根据在阿尔及利亚发现的始新世晚期的化石,命名了一个最新的种:Moeritherium chehbeurameuri.
4849	Sankar-Chatterjee-flat	于1984年,查吉特(Sankar Chatterjee)发现了化石,他于1991年指这些化石属于一种比始祖鸟更为古老的鸟类.
4856	Kate-Moss-flat	但这次风波并未将其打倒,在年底《Grazia》杂志评选的「十大最佳著装人士」的评选中Kate Moss又一次获得第一名,证明了其的人气与在时尚界的地位.
4868	Press-secretary-flat	科特柳的任期几乎和麦金莱的任期一样长,他在这段时间内,逐渐变成了麦金莱的重要助手,相当于出版秘书(Press secretary)和今日的幕僚长.
4871	Mary-Jo-flat	2013年4月,威廉玛丽校友玛丽·乔·怀特(Mary Jo White)经美国参议院一致同意,担任美国证监会主席.
4886	Phapheng-Falls-flat	孔恩瀑布由两部分组成,西边的是「桑法尼瀑布」,地势较高,枯水时断流,东边的名为「发芬瀑布」(Phapheng Falls),是孔恩主瀑,孔恩瀑布总宽9.7公里,落差15~24米,年均流量1.2万立方米/秒,号称世界上最宽的瀑布.
4903	The-Likes-flat	孤海浮灯(The Likes of Us)是名作曲家安德鲁·洛伊·韦伯的音乐剧,原书由莱斯利·汤玛斯基于慈善家汤玛斯·约翰成立贫困儿童院的真实故事创作.
4952	Ambanja-District-flat	安班加县(Ambanja District)位于马达加斯加北部,是安齐拉纳纳省的一部分,面积6,328平方公里(2,443平方英哩),2001年人口125,056,人口密度为每平方公里19.8人(每平方英哩2,443.3人).
4953	Stuart-Harrison-flat	现时首席执行官为Stuart Harrison.
4997	Locked-room-flat	密室推理(Locked room mystery,或称密室杀人)是推理小说常见的一种类型.
4998	转型-数字化-compound,转移-和平-compound	"虽然美国的许多数字化转型都是史无前例的，但权力的和平转移却存在先例，”奥巴马的特别助理科瑞·舒尔曼在周一发布的博客中写道。
4999	媒体-社交-compound,变迁-任职-compound	对于通过社交媒体来跟踪国会山任职变迁的人而言，这次与以往有所不同。
5000	环节-休息-compound,候选人-共和党-compound,移民-合法-compound	但是，他在过去的一次进行移民削减相关演说的休息环节，作为共和党候选人，他曾宣称，作为总统，基于政绩的考量他将允许“超大量”合法移民。
5001	运动场-大学-compound	“所以我不想给你们施加哪怕一丁点的压力，但你们肩负的是共和国的命运，”奥巴马对在北卡罗来纳大学运动场上的群众说道。
5002	帐户-银行-compound	希拉里的巨额银行帐户使政府支出的突破了新上限。
5003	所行-所言-compound	她的所言所行，简直令人难以置信。
5004	元-美-compound	最高限额为每人5,000美元。
5005	团队-转移-compound,团队-技术-compound,代表-说客-compound,公司-Uber-compound,协会-电影-compound,协会-科技-compound	在十月初，政权转移团队在同一场地，会见了技术团队的说客代表，他们分别来自Uber公司、美国电影协会、美国消费科技协会及其他团体。
5006	街-H-compound,俱乐部-大都会-compound	这次集会原本定在几个街区之外的H街上华盛顿的私人大都会俱乐部举行。
5007	要求-著装-compound	也许著装要求过于沉闷。
5008	方法-研究-compound,运用-实际-compound,课程-科学-compound	而不是把科学研究方法作为一个独立的章节来教授，例如，学生通过实际运用来学习科学课程的内容。
5010	地铁站-城际-compound,元-美-compound	相比之下，于2004年开业的诺玛城际地铁站修建所耗成本为103.7亿美元。
5011	转移-政权-compound,主席-改善会-compound	”我们面临很多竞争，而我们认为政权转移能对此局面有所帮助，”乔治城商业改善会主席乔·斯顿雷说道。
5012	研究-可行性-compound	根据可行性研究估计，乘客乘坐缆车穿越波托马克河需时约四分钟。
5015	数据-普查局-compound	这个比例多年来一直在稳步上升——根据人口普查局数据显示，1996年选举日之前所接收的投票只有总投票额的11%，今年这个数字可能再次激增。
5018	先生-沃尔卡-compound	潘沃尔卡先生说，曾经有一段时刻，他们觉得自己应该离开那幢大楼。
5022	女人-雅兹迪-compound	其中一个雅兹迪女人开始哭泣，随后她的一个朋友也开始哭泣。
5023	先生-奥斯本-compound,机构-代理-compound	奥斯本先生在七月被解雇后，与一个美国音箱代理机构签订了协议。
5024	工作-技术-compound	迈克尔·法伦说，切断第一根钢材的那一天，保证了新投资，和上百个技术工作的安全，该效应可持续到2035年。
5025	产业-造船-compound,海军-新皇家-compound,公投-独立-compound	为了保全克莱德造船产业，新皇家海军在2014年苏格兰独立公投之前许下下达订单的承诺。
5028	公司-韩国-compound,祸首-罪魁-compound,单元-电源-compound	这家韩国公司最初以为电池故障是罪魁祸首，因而替代自己的组件改用第三方电源单元。
5030	助手-谷歌-compound,界面-智能-compound	Mate 9手机缺少一个像谷歌助手或苹果的Siri那样的人工智能界面。
5031	警告-专家-compound,网络-空中-compound,公司-航空-compound	但有旅行专家警告说，飞机飞行时配置的空中网络往往不可靠，而且不太可能影响旅客对航空公司的选择。
5032	航空-英国-compound,集团-航空-compound	但可能英国航空和国际航空集团已经破解了它，并可提供一些大致上可靠的信息。
5033	公司-航空-compound	该公司向BBC表示，是否向乘客收取使用费，应该由航空公司自行决定。
5034	Wi-Fi-机场-compound,邮件-电子-compound	大多数人会认为机场Wi-Fi比能在飞机上发电子邮件这件事更加有用。
5037	机构-情报-compound	这项为期10周的课程已经被英国情报机构GCHQ“认证”了。
5038	专家-安全-compound,背后-其-compound	但是，一些安全专家对该课程的设立及其背后的意图提出了质疑。
5039	撰稿人-博客-compound	此前，只有博客撰稿人见过这些喷气机。
5040	硬件-军事-compound,飞机-海上-compound	通常，中国将在本周内展示许多其他军事硬件，如歼击机和海上飞机等。
5041	市场-航空-compound	由于中国将在未来十年内成为全球最大的航空市场，此次展会将是北京在民用航空以及国防方面展示野心的机会。
5042	论坛-黑客-compound,原因-关闭-compound	”不幸的是再次证明了，少数人替多数人毁坏了它”黑客论坛的创始人杰西卡·拉布罗卡在解释其关闭原因的一则消息中写道。
5043	网站-热门-compound	"最新的事件"很可能是指10月21日的攻击，该攻击令热门网站例如Reddit，Twitter和Spotify，以及很多其他网站都挂了。
5044	数据-历史-compound	分析表明，已经使用了大量的历史数据，造成中断。
5045	削减-碳-compound,气温-全球-compound	联合国回顾国家削减碳计划时说，他们非常难以实现保持全球气温上升2C下所需要的水平。
5047	负责人-规划署-compound,协议-巴黎-compound,变化-气候-compound,修正案-基加利-compound,排放-氢氟碳化合物-compound	联合国环境规划署负责人埃里克·索尔海姆说，我们正朝著正确的方向前进：巴黎协议提及将减缓气候变化，近期的基加利修正案也提及减少氢氟碳化合物排放。
5048	元-美-compound	这方面的投资在2015年增长了6%，至2210亿美元。
5049	协定-巴黎-compound	他们得到了巴黎协定这件事值得庆贺，但目前他们的贡献从未达到了1.5度的目标。
5050	海岸-墨西哥-compound	它于4至6月在墨西哥海岸举行。
5051	变化-环境-compound	这将增加新限制在曾经发生在地球上并毁灭了许多物种（不仅是恐龙）自然环境变化上。
5052	材料-陨石-compound,元素-铱-compound	揭露这是个陨石材料的，很可能是其中高含量的铱元素。
5053	种子-地球-compound,种子-太空-compound	超过70％从地球种子长成的植物在17天之后存活-仅仅略高于从太空种子长成的植物-刚刚超过66％。
5054	空间站-国际-compound	从该实验的结果提供了进一步的支持，火箭上的种子可以存储在国际空间站上并飞行六个月，而不会对它们在地球上发芽生长的能力产生任何显著影响。
5056	部位-身体-compound	她说，购买和穿戴别人“身体部位”的想法仍旧让人感觉到‘恶心’。
5058	市场-头发-compound,层面-政治-compound	纵观历史，国际头发市场上一直有著政治层面的意义，Tarlo说。
5060	交警-深圳市-compound	深圳市交警以前曾选用非常规处罚。
5062	身分-男性-compound	今年有关民主党的争论，一直围绕著白人男性身分。
5065	索尼-澳大利亚-flat	幸运的是，当时索尼澳大利亚有人觉得"嘿，顺便说一下，你们注意到这一点吗？"鲍尔说。
5066	头条-新闻-compound	当西格尔描述俄罗斯在克里米亚（已于2014年被吞并）的行动时，他将之描述为“非常合理”，因而登上了新闻头条。
5068	地区-远东-compound,半岛-堪察加-compound	西格尔的祖母来自俄罗斯远东地区的符拉迪沃斯托克，而他自己近年亦经常前往俄罗斯，并在九月访问了堪察加半岛和库页岛。
5069	学校-武术-compound,国籍-塞尔维亚-compound	西格尔提出在首都贝尔格莱德开办一所武术学校后，于今年较早时候被授予塞尔维亚国籍。
5070	发言人-警方-compound,冲突-语言-compound	一名警方发言人告诉美联社发生了“口角”继而演变为“语言冲突”，但无人员伤亡报告。
5071	影片-获奖-compound	卡隆的上一部影片是奥斯卡获奖影片“地心引力”，据说他在事故发生时不在片场。
5072	公安局-市-compound,机关-政府-compound	据市公安局所述，周二“一大群自称是区政府机关的人”来到片场后发生打斗。
5073	人员-研究-compound,避孕药-激素-compound	研究人员付出了约20年的努力研究发展男性激素避孕药的潜力。
5074	方法-避孕-compound	他补充说：“这是在寻找男性激素避孕方法的正确组合的漫长旅程中的一小步。”
5075	信仰-宗教-compound	但是也有很多带有根深蒂固的宗教信仰的MLA反对新的立法。
5076	人员-研究-compound	研究人员说，分析肿瘤的DNA可能有助于解释其他癌症的成因。
5077	突变-DNA-compound	该分析显示了在一生中吸烟的总数和肿瘤DNA突变的数目之间的直接联系。
5079	女士-Pugh-compound	Pugh女士已经在剑桥的Papworth和Addenbrooke医院接受了治疗。
5080	右肺-女士-compound	但扫描显示Pugh女士右肺的肿瘤越来越大，因此她要离开试验。
5081	唐纳德-特朗普-flat	如果唐纳德特朗普成为总统，这里的政府仍将要与他一道推进任何现有的共同议程，以确保可以在华盛顿维护加拿大的企业和利益。
5083	上午-今天-compound,高中-阿伯茨福德-compound	尽管今天上午有照片发布，但B.C.的警方表示，他们对这个显然无家可归而被控致命刺伤阿伯茨福德高中的年轻女孩的人有疑问多于答案。
5084	警方-B.C.-compound,历史-犯罪-compound	B.C.警方说，早前克莱恩似乎并没有犯罪历史，并发布了关于他最近的行踪模糊的细节。
5085	地区-阿伯兹福德-compound	我们不认为嫌疑人与这所学校丶那两名女孩或更确切的说是阿伯兹福德地区有任何联系，她说。
5087	协会-经纪人-compound	代表安大略省的房地产经纪人协会表示，还需要做更多的工作来保障消费者并惩罚参与不道德行为的代理商。
5088	代理人-省内-compound,理事会-房地产-compound	他还希望给予负责管理省内代理人的安大略省的房地产理事会（RECO）具有更大的执法和调查权力。
5090	阶级-中产-compound,空气-有毒-compound	但是中国日益壮大的中产阶级已经发出了非同寻常的呼声，控诉诸如北京的大城市中的有毒空气，这些呛肺的雾霾日复一日，显而易见。
5091	国家-排放-compound,排放-气体-compound	我们看到很多很多国家，特别是像巴西丶南非丶印度和中国等大型新兴排放国家，逐渐担负起了减少温室气体排放中的责任，Guilbeault说。
5092	协定-巴黎-compound	他也可以等到他的第一个任期结束时，运用巴黎协定中的条款退出协议。
5095	大会-代表-compound	特朗普的妻子梅拉尼亚特朗普，自七月的共和党全国代表大会以来首次亮相于活动中。
5097	新闻-CBC-compound	这对受疼痛折磨的病人来说是一场灾难，Mailis在周四接受采访时对CBC新闻说。
5099	主任-审查-compound	在有人就有关人员与原住民进行互动一事提出“令人担忧的问题"后，安大略省警方独立审查主任格里·迈科内尔里订立了本周要检讨的事项。
5100	城市-北部-compound	该覆核还在调查据称来自安大略省北部城市的警官九月在Facebook上煽动性的言论。
5101	工资-绩效-compound	高管们也收到因其成功或超出预期的所谓“绩效工资”，共享$150万，每人平均大约$15000元。
5102	预算-年度-compound,元-美-compound	它的年度预算超过十四亿美元，员工超过6000人。
5103	政府-联邦-compound,工资-总绩效-compound,水平-奖金-compound,发布-信息-compound	联邦政府主动报告每个部门的总绩效工资和奖金水平，但最新的网上信息发布是2013-2014-过时两年了。
5104	工资-绩效-compound,总额-奖金-compound,元-美-compound	绩效工资和奖金总额是150万美元，差不多和2015-2016年一样的水平。
5106	记者-魁北克省-compound,警察-省-compound	在过去的两天内，这导致至少另外六名魁北克省记者被当做了省警察监视行动的目标这件事被揭发。
5107	优先权-进入-compound	不应该因为他们给政治家和政党提供财务的捐助，而有给予这些个人或组织优先进入政府的权利，或是明显的进入优先权，指南上这样写道。
5110	用户-数据-compound	SaskTel的无限数据用户Lindsay Gay上个月报导说，它棒极了。
5111	工具-应用-compound,使用量-数据-compound	他还指出，Rogers最近推出了一个新的应用工具，可以帮助客户监控其数据使用量。
5113	市场-租赁-compound,市场-房地产-compound	这些预测与完工进入租赁市场的新公寓的比例一致，说明了国内的投资人在大多伦多市房地产市场上的重要作用。
5114	疼痛-背部-compound,丹佛市-科罗拉多州-compound,总部-公司-compound	这一品种可以缓解背部疼痛，这一品种可以缓解恶心，这种产品能帮助您在夜晚入睡，来自位于科罗拉多州丹佛市的公司总部的Dietrich说，在那里，大麻是可以合法出售的。
5115	框架-法律-compound	但是，如果没有法律框架，靠著大麻作为一种能缓解情绪的民间的疗法的这个草根的起源，那么公司就只能猜测。
5116	细胞-红-compound	铁是人体生产血红蛋白所必须的元素，红细胞中的蛋白质负责将氧气传送给身体中的各个组织。
5117	时间-等候-compound	目前的等候时间为8周。
5118	水平-血红蛋白-compound,储备-铁-compound,服务-血液-compound	有可能有正常的血红蛋白水平，但总体的铁储备却偏低，加拿大血液服务（CBS）说。
5119	方针-指导-compound	新的铁元素指导方针意味著需要更多的捐献者。
5120	Plano-德克萨斯州-compound,检测-超声波-compound	当德克萨斯州Plano的准妈妈Margaret Boemer被告知，她的未出生的孩子具有一种罕见的情况，需要手术才能存活下来时，原本例行的超声波检测变得复杂起来。
5121	畸胎瘤-骶尾部-compound	骶尾部畸胎瘤是一种在出生前，从宝宝的尾骨长出来的肿瘤。
5126	行动-欺凌-compound,标准-审美-compound	在刚满20岁时，她是反对欺凌行动强而有力的呼吁者，也是帮助女孩们拥抱自身审美标准的积极分子。
5128	照片-派对-compound,媒体-社交-compound	一旦官方的派对照片被发布，社交媒体就会发表评论-而且它们都是不太受欢迎的。
5129	群体-土著-compound,文化-原住民-compound	包括土著群体在内的许多人都认为，他们轻视了原住民文化。
5130	听证会-CRTC-compound,相关者-利益-compound	这些CRTC听证会的目的是处理来自行业利益相关者和公众的反馈。
5131	内容-娱乐-compound,言论-政治-compound	这不仅适用于娱乐内容，同样也适用于教育，科研，以及也许最重要的是，政治言论。
5135	镇区-教堂山-compound,总部-共和党-compound	上个月，在希尔斯堡教堂山镇区外，有人轰炸了共和党总部。
5136	法案-权利-compound,附近-教堂-compound	在北卡罗莱纳州于2013年通过了严格的投票权利法案后，坎贝尔来到教堂附近，教人们如何应对他们注册的困难。
5138	数据-经济-compound,辞令-政治-compound	这种经济数据与政治辞令之间的不一致似曾相识，或者说本应如此。
5139	经济学家-共和党-compound,政策-经济-compound	共和党经济学家告诫不要采用这一数据，来证明他们政党蹩脚的经济政策。
5140	增长-G.D.P-compound,发展-体制-compound	“在华盛顿和林肯执政期间，我根本不知道G.D.P增长是什么，但是在这些方面的体制发展产生了大而持久的影响。”
5145	选举-总统-compound	随著2016年总统选举的疯狂程度加剧，一个比废话更令人担忧的威胁困扰著Karel。
5148	Miami-Bass-flat	做Miami Bass音乐的人对扭屁股的艺术并无兴趣-他们最关心的事。
5149	Knuck-If-flat	在最近的一次采访中，ZAY和Zayion描述了使用家用笔记本录制他们的“Knuck If You Buck”的版本的过程。
5150	系统-神经-compound,视频-疯传-compound	但是挑战和而他们取得这些挑战的歌曲，把有联系和可追溯的神经系统添加到那大量清晰度极低的疯传视频。
5154	投票-追溯-compound	卡普兰驳回追溯投票，引用学者的说话“不比在尼罗河没有泛滥时杀掉法老王理智”。
5156	Zettel's-Traum，-flat,风格-草稿-compound,照片-影印版-compound,标准-进入-compound	2010年，该基金会发布了排字版的“Zettel's Traum，”为不愿看见草稿风格似的影印版照片的人而取消了进入标准。
5160	考试-院校-compound,国防部-英国-compound,时期-冷战-compound,场面-战斗-compound	同时第一次展出的是被用于军事院校考试中英国国防部的地图，它重现了冷战时期的战斗场面于眼前。
5163	历史-铁路-compound	克里斯蒂安·沃尔玛尔将在12月1日参赛，他写过不少关于铁路历史的书。
5164	民主党-自由-compound	截至2010年为止，自由民主党一直代表著富裕的区域，他们希望通过他们的候选人萨拉·奥尔尼夺回位置。
5165	妻子-分居-compound,活动-竞选-compound	同时，那个党鞭的分居妻子也开始了竞选活动以夺回席位。
5170	德里-东南部-compound,发电机-柴油-compound,电站-燃煤-compound	在德里东南部巴达尔普尔，随著城内的柴油发电机停运，燃煤电站也将停运10天。
5171	大楼-布什-compound,电台-广播-compound	随后他在布什大楼为BBC世界广播电台工作了4年。
5173	缅怀帖-Facebook-compound	许多有关他们的Facebook缅怀帖中都有这一行让克里斯欣喜的话：“我没有见过有人比你更有资格做非洲人。”
5175	第一-世界-compound,地位-神坛-compound	难道他们世界第一的神坛地位已经不被保证了吗？
5181	下面-杯子-compound	他好像在三个朝上的杯子下面将小球弹来弹去。
5184	倾向-鹰派-compound,民意-厌战-compound	希拉里向来以鹰派倾向著称，但这将会在美国厌战民意之下有所削减。
5186	方面-密码-compound	密码方面我都遇上麻烦。
5188	政权-纳粹-compound	当然，我也明白，必须把现代的德国和纳粹政权分开来看。
5191	大使-全球-compound,学院-商-compound	他还有其他更为优异的殊荣，比如纽约市健康医疗总局全球大使，以及哈佛商学院的学历。
5194	主义者-种族-compound,歧视者-性别-compound	我们不能让唐纳·川普这种种族主义者、性别歧视者成为总统，做总指挥的话，他极其不合格。
5195	问题-债务-compound	“越来越多的人转而使用信贷...虽然现在这种借贷是可控的，但如果形式突然发生变化，就可能导致债务问题。"
5196	劳工-美国-compound	她的理由是，它可能会影响美国劳工的工作和生活水平，但却没有为他们提供足够保护。
5198	账户-乐购-compound	理论上，一对情侣可以开四个乐购账户，从£12,000的余额中赚取3%的返现，即£360。
5199	余额-账户-compound,银行-苏格兰-compound,余额-账户-compound	同时，当账户余额为£3,000-£5,000时，苏格兰银行的客户可为账户添加免费的有利选项，这样就能赚取账户余额的3%。
5201	镑-英-compound	如果Nectar卡的持卡人有意在两到三年内贷款15，001到19，999英镑，那这3%的利率也同样适用于他们。
5202	元素-矿物-compound	硫是一种能使植物健康成长的重要养分，但英国的土壤中本来就缺少这种重要的矿物元素。
5208	Rocco-Catalano-flat	可以说，洛克·卡塔拉诺（Rocco Catalano）的工作、生活甚至呼吸里都充斥著复古味。
5210	学院-艺术-compound,设计-珠宝-compound	卡塔拉诺（Catalano）曾住在伦敦，随后搬到了格拉斯哥，最后搬回了他以前在格拉斯哥艺术学院学习珠宝设计时住过的地方。
5212	大学-北安普顿-compound,成就展-毕业生-compound	“我去了北安普顿大学的毕业生成就展发掘新的人才”，他说。
5214	景观-办公室-compound	理所当然地，办公室景观的特点是衣服非常多而食物只有一点点。
5215	眼镜-太阳-compound	温特只出现了一会，并且被拍到在接受采访前戴上了太阳眼镜。
5216	越野赛-摩托车-compound	我看过摩托车越野赛，看的比赛越多，就越经常看到这个女人的脸，照片上，他们看起来好像是70年代的人。
5219	部长-政策部-compound,Jeff-Knott-flat	他们的环境政策部部长杰夫·诺特（Jeff Knott）说：“如果任一禁令或授权能在这一基础上实施，我会感到很惊讶。”
5220	协会-保护-compound,主义-保护-compound,Mark-Avery-flat,主持人-电视-compound,Chris-Packham-flat	英国皇家鸟类保护协会（RSPB）的立场也使其与很多自然资源保护主义的领导人们发生冲突，这些领导人包括请愿书的作者马克·艾弗里（Mark Avery）以及电视主持人克·帕克汉姆（Chris Packham）。
5224	范围-诉讼-compound	“我们在积极思考一些可能的方法，去把诉讼范围限制在那些在项目中真正有地位的人之间”，引用他的话说。
5225	上限-捕捞-compound,官员-欧盟-compound	不拟定捕捞上限，“凯尔特海的鳕鱼可能会灭绝”，一位欧盟官员说道。
5227	主义者-保护-compound	自然资源保护主义者接受了委员会的声明。
5228	平台-购物-compound	只有50个是购物平台。
5229	博士-李-compound	“古希腊的集市（Agora）只有受邀才能进去，但如果你知道怎么找的话，很多这种市场都很容易进”，李博士补充道。
5230	方式-教育-compound	在我们那个年代，他们还没有这些，那些没有孩子的人通过反对来表达所有他们对现代教育方式的厌恶。
5234	势力-外来-compound	很多公司可能试图在脆弱的系统和外来势力间建立防火墙，但这一方法并不总是奏效。
5235	陷阱-傻子-compound	但他们至少能设置傻子陷阱来迷惑、威慑对方——此概念叫做“积极防卫”。
5236	讨论-网络-compound	在我发现了大量关于该话题的网络讨论后，我的列表变得非常长，几乎涉及联邦内的每一个州。
5238	附近-边界-compound	我的下一站是贝灵汉，就在加拿大的边界附近。
5241	帽子-红-compound	每一站都会有一位戴著红帽子的守卫，他负责指挥整个站台，还会有一位敲轮员，他会沿著火车走并用锤子轻轻地敲击起落架。
5242	棒棒糖-米-compound,肺-水牛-compound,树皮-槟榔树-compound	随后，逛早市（6.30-10am）：米棒棒糖，黄蜂茧（人们普遍认为蛹很美味），水牛肺，槟榔树树皮和叶，活蟾蜍和鲶鱼。
5244	议员-立法会-compound,共和国-人民-compound	该誓言牵涉立法会议员效忠于香港作为中华人民共和国的一部分的宣誓。
5245	政府-香港-compound	由亲北京的立法者领导的香港政府认为，这两个人不应该就任。
5246	工作-立法-compound,瘫痪-持续-compound	“北京认为，为了防止市内立法工作的持续瘫痪，它的干预是必要的”，他说。
5248	Andrew-Marr-flat	他告诉来自BBC的安德鲁·马（Andrew Marr Show）说：“坦白来说，大选是政府最不希望看到的事情。”
5249	生涯-职业-compound	他的梦想就是在此终结他的职业生涯。
5251	比赛-主场-compound	我们很失望，因为我们在主场比赛时丢了六分。
5252	Monte-Carlo-flat,Benoît-Paire-flat	那一定是安迪（Andy）四月在蒙特卡罗（Monte Carlo）与伯诺瓦·帕尔雷（Benoît Paire）对打时的情景。
5254	Davis-Cup-flat	我也想知道戴维斯杯（Davis Cup）是否扮演了重要角色。
5255	调查-年度-compound,负担-财政-compound	年度调查还显示，担心会承担新的财政负担的人数激增。
5256	风险-政治-compound	霍普利（Hopley）女士补充道：“政治风险的飙升不应该被忽视。"
5257	汽车-大众-compound,元-欧-compound,执行官-首席-compound,Martin-Winterkorn-flat	大众汽车欺诈的新闻（已持续多年），使该公司损失了数百亿欧元，首席执行官马丁·温特科恩（Martin Winterkorn）也因此丢了工作。
5258	汽车-大众-compound,赔偿-巨额-compound,责任-法律-compound,元-欧-compound,条款-处罚-compound	还要求大众汽车支付巨额赔偿，承担法律责任，并接受超过160亿欧元的处罚条款。
5259	对象-调查-compound,制造厂-汽车-compound,代表-首席-compound,代表-赫伯特-compound,Herbert-Diess-flat	调查于六月开始，调查对象主要针对温特科恩（Winterkorn）先生和还在汽车制造厂工作的品牌首席代表赫伯特·迪斯（Herbert Diess）先生。
5262	公司-服务-compound	由于顾客一直保持著乐观的态度，零售和批发方面的业务不断扩展，消费者服务公司也不断增加。
5263	能力-支出-compound,赤字-预算-compound	但是，他的支出能力将会受限，因为政府仍旧有很大的预算赤字。
5265	公司-能源-compound,镑-英-compound,Avro-Energy-flat,镑-英-compound,Simple-and-flat	Eon能源公司的固定费用为760英镑，而Avro Energy公司的顾客要支付大概760英镑作为Simple and Select的费用。
5266	收费制-预付款-compound	或者说，这是一个昂贵的标准还是预付款收费制？
5268	债券奖-有奖-compound,账户-储蓄-compound	如果他们这样做了，那么有奖债券奖与其他普通储蓄账户将没有任何区别。
5269	债券-溢价-compound,储蓄-国民-compound,账户-投资-compound,开支-政府-compound	投资在溢价债券和其他国民储蓄和投资账户里的钱被当作筹募政府开支的基金。
5271	公司-投资-compound,the-Aviva-flat,基金-收益型-compound,Multi-Strategy-flat,基金-高收益型-compound,Income-funds-flat,镑-英-compound,镑-英-compound	紧随其后的是英杰华投资公司（the Aviva Investors）的多元目标收益型基金（Multi Strategy Target Return)和多元高收益型基金(Income funds），投资人分别投资了20亿英镑和14亿英镑。
5272	资产-海外-compound,贬值-镑-compound	这意味著他们不能像海外资产一样从英镑贬值这一事件中获利。
5273	各地-世界-compound	阿迪达斯通过用漂浮在世界各地的废料制造鞋子来协助清理海洋。
5275	措施-根本性-compound	一月的一份重要报告显示，除非全世界共同采取根本性措施，阻止将垃圾排入海洋，否则到了2050年，海里的塑料可能比鱼还多。
5276	治疗-康复-compound	经过一些奇迹般的手术和很多非常艰难的康复治疗之后，我已经完全康复。
5277	保健署-国民-compound	他警告说，现在国民保健署正处于“巨大的压力”之下，并敦促公众为他们自己的健康承担更多的责任。
5278	冬天-英国-compound	十个成年人中有四个曾因糟糕的天气而受伤，而十个中有九个低估了英国冬天的寒冷程度。
5281	中期-年代-compound,病人-精神病-compound	在六十年代中期，她开始在《马拉／萨德》（Marat / Sade）这部电影中扮演精神病病人。
5284	脖子-她-compound	对峙时，她脖子前伸，青筋暴起，手不断抖动。
5290	巨变-如此-compound,观众-家庭-compound	电影院发生了如此巨变以至于好莱坞已经疏远了家庭观众。
5291	闹剧-家庭-compound,戏剧-社会-compound	从导演的角度来看，这部电影处在欢乐的家庭闹剧和沈重的社会戏剧之间的的不稳定平衡。
5292	心房-人-compound,下午-周日-compound	从某种层面上来说，它和蔼可亲含蓄谦逊暖人心房，似乎为周日下午的观赏而特制。
5293	制造机-欢乐-compound	当然，有鲍勃在，他是一个永不停歇的欢乐制造机。
5295	观众-现代-compound,方面-作战-compound	大部分的现代观众在前线作战方面都缺乏经验，对他们来说，多斯的功绩令人难以想像。
5297	人员-医护-compound	所有的医护人员都全副武装，除了我。
5300	经验-人类-compound	“就像超级英雄一样，这已经超越了人类经验的范畴，所以我就像对待戏剧一样对待这件事”，吉玛（Zimmer）说。
5301	行为-黑暗-compound	由于对杀戮的某种强烈欲望，克顿的黑暗行为并没有发生。
5302	附近-桑德兰-compound	1832年10月31日，克顿生于桑德兰附近的一个小镇里。
5305	建筑-地标-compound,建筑-南银-compound,设计师-室内-compound,Rachel-Winham-flat,公寓-展览-compound	伦敦的地标建筑南银大厦聘请了室内设计师瑞秋·温汉（Rachel Winham）来设计其展览公寓。
5307	葬礼-合法-compound	两年后，31岁的朱婷（Jutting）到香港最高法庭受审，她被指控两起谋杀罪和一起扰乱合法葬礼罪。
5310	绩效-组织-compound	毕竟，我们的组织绩效并不是靠我们有多安全和遵守了多少法规这两方面来衡量的。
5311	邮件-电子-compound,后果-其-compound	所以，很多人会快速地打开电子邮件或者盲目点开链接和附件，根本没想过其后果。
5313	邮件-电子-compound	最后，我们必须使人们更容易报告可疑的漏洞和恶意的电子邮件。
5314	底下-恐怖-compound	白色恐怖底下，选举已经变成了容易攻击的新目标。
5315	问题-安全-compound	这是最常见的国土安全问题。
5317	当天-选举-compound	在竞争激烈的地区，那些在选举当天会引发混乱的人已经够多了。
5318	North-Carolina-flat	此次选举中，北卡罗来纳州（North Carolina）的投票数达到有史以来最低。
5319	Donald-Trump-flat	唐纳德·特朗普（Donald Trump）是一个自负、傲慢、有权有势的人，他只关心他自己，他那种喜怒无常的性格对美国有害无益。
5321	共和党-美国-compound,优势-整体-compound	美国共和党之所以领先是因为有很多缺席的人，他们的整体优势在于这周早些时候大概有16,500人缺席。
5323	丛书-系列-compound	马丁（Martin）还没写完其广受好评的系列丛书中的最后两本，这两本书现被称为《凛冬的寒风》和《春晓的梦想》。
5324	学生-荷兰-compound,摩托车-电动-compound	荷兰学生还没决定是否要将电动摩托车商业化。
5325	公司-戴维森-compound,年表-大事-compound	哈雷戴维森公司的发言人称在媒体间盛传的大事年表——2017或2020年——并不准确。
5326	期货-股票-compound,市场-欧洲-compound	美国股票期货不断上涨，升幅超过一个百分点，与欧洲市场齐平。
5327	债券-政府-compound,债券-美国-compound,债券-澳大利亚-compound	投资人把政府债券全部售出，美国债券和澳大利亚债券受到的影响最大。
5329	只有-在-fixed,保护局-环境-compound	但是，只有在美国国家环境保护局就该问题向全世界提出警告后，它才浮出水面。
5330	集团-餐饮-compound,公司-母-compound	中国人对炸鸡永不满足的胃口曾是投资者喜爱百胜餐饮集团（肯德基的母公司）的主要原因。
5331	联盟-自由-compound	在美国公民自由联盟的帮助下，他们最终挑战了该州，最后将该案打到了美国的最高法庭。
5332	夫妇-深爱-compound	正如电影所展示的那样，深爱夫妇——特别是理查德（Richard）——是历史上很勉强的参与者。
5336	Jeffrey-Dean-flat	作为尼根（Negan）（由杰弗里·迪恩·摩根（Jeffrey Dean Morgan）饰演）最优秀的助手之一，他被给予了些许自由。
5337	状态-情感-compound	诺曼（Norman）是我的好朋友之一，所以当我看到他情感状态不佳时，我很难受。
5340	支出-资本-compound	据说，互联网的成果是该单位资本支出的主要驱动力。
5341	人士-分析-compound	目前，分析人士在犹豫要不要为过世的人注销服务。
5342	含量-技术-compound	在荷兰，当局用技术含量较低的方法来追踪无人机。
5343	环境-工作-compound,软件-聊天-compound	微软在周三公布了一个新的工作环境下用的聊天软件，准备随时和工业界的宠儿Slack展开较量。
5344	简讯-推特-compound	还可以选择通过平台发送表情、动态图、定制的迷因和贴纸，并连接到你的推特简讯上。
5345	产品-其-compound	此举动强调了公司对用户的期望，希望用户不要只把其产品当作提高生产率的工具。
5346	方面-游戏-compound,公司-科技-compound	但它最近在工作场所聊天游戏方面的努力是科技公司的更大趋势中的一部分。
5348	冠军-世界-compound	我必须向安迪（Andy）道贺——成为世界冠军是一个令人难以置信的成就，这位美国人说道。
5349	朝鲜-北-compound,锦标赛-高尔夫-compound,节目-新闻-compound	这两个人靠恶作剧打入了北朝鲜的高尔夫锦标赛，布里斯班的新闻节目NineNews报导说。
5350	高尔夫-自己-compound,朝鲜-北-compound	两位承认自己高尔夫打得很烂的澳大利亚人蒙混过关进入了北朝鲜的高尔夫超级锦标赛。
5353	Johnny-Carson-flat,面前-他-compound	雪人没有去想任何关于强尼·卡森（Johnny Carson）的事，只是拿了一个梯凳，坐回到他面前，他补充道。
5356	狂欢节-巴西-compound	它是一个墨西哥希望最终将能与巴西狂欢节相匹敌的活动。
5357	总监-创意-compound,Alejandra-González-flat	游行的创意总监之一亚历杭德罗·冈萨雷斯·安娜亚（Alejandra González Anaya）向CNN解释了为什么墨西哥认为现在是上演如此一场演出的好时机。
5358	González-Anaya-flat	单为游行服务的志愿者就有1200名，冈萨雷斯·阿纳亚（González Anaya）说道。
5360	政府-日本-compound,经济-日本-compound	我认为日本政府希望借由完成磁浮线的建设看到日本经济大幅增长。
5361	赛车-F1-compound	凭借F1赛车的门票，还可以去当天的音乐会。
5362	网站-赛道-compound	亚斯码头赛道网站上有精确计时。
5364	大厦-高楼-compound,建筑-大京都-compound	这也推动了现代高楼大厦的出现，比如梦幻般的曼谷最高的建筑大京都大厦（MahaNakhon）。
5366	铁路-平壤-compound,系统-交通-compound	埋在100米（328英尺）深的平壤铁路是世界上埋的最深的交通系统之一。
5367	时尚-CNN-compound,CNN-Style-flat	她跟《CNN时尚》（CNN Style）谈了自己的经历。
5368	手机-智能-compound	在平壤，我确实看到有些人在使用智能手机，但是人数很少。
5370	眼中-印度人-compound	在印度人眼中，人因年老而死是一件值得庆祝的事。
5371	Juan-Carlos-flat,建筑-获奖-compound,含义-其-compound	胡安·卡洛斯·萨拉斯（Juan Carlos Salas）设计的这座获奖建筑，从外表看来是一座雕塑，并且每个细节都有其含义。
5373	市民-城镇-compound,行会-商人-compound	宪章曾允许创立由城镇市民管理的商人行会，以向途经城镇的人士征收税费。
5374	资源-矿物-compound	矿物资源尤为丰富，蕴含大量的黄金、钻石、锰矿、铅矿、锌矿、镍矿、钴矿以及钼矿。
5375	地区-极西北-compound,地位-统治-compound	在极西北地区以外，泰加林具有统治地位，它覆盖了整个西伯利亚的一个重要部分。
5376	运动会-冬季-compound	2019年世界大学生冬季运动会将由雅茨克举办。
5377	群岛-莱恩-compound	例如位于太平洋的莱恩群岛和位于印度洋的马尔代夫。
5378	岛屿-花岗岩-compound,岛屿-火山岩-compound	花岗岩岛屿包括塞舌尔和刁曼岛，火山岩岛屿则如圣赫勒拿岛。
5379	加利福尼亚州-下-compound,荒岛-沙漠-compound	比如墨西哥下加利福尼亚州离岸的小岛屿就属于沙漠荒岛。
5380	城邦-雅典-compound,谷物-进口-compound,要道-海峡-compound,关系-同盟-compound	公元前五世纪的希腊雅典城邦依赖来自塞西亚的进口谷物，因此与控制著海峡要道的城市，例如麦加拉的殖民地拜占廷，保持著关键同盟关系。
5382	军队-阿契美尼德-compound,城市-沿海-compound	阿契美尼德军队征服了色雷斯、希腊的沿海城市以及培奥尼亚人。
5383	国王-马其顿-compound,帝国-阿契美尼德波斯-compound	最终，在约公元前512年-511年，马其顿国王阿闵塔斯一世接受了阿契美尼德的统治，全国投降成为阿契美尼德波斯帝国的附庸国。
5384	军队-阿契美尼德-compound	多族裔的阿契美尼德军队吸纳了许多巴尔干人从军。
5385	人士-精英-compound	此外，许多马其顿和波斯的精英人士通婚。
5386	公司-电影-compound,Athina-Film-flat,Asty-Film-flat	首家电影公司(Athina Film)于1912年成立，Asty Film则于1916年成立。
5388	条约-摩纳哥-compound	《法国-摩纳哥条约》于1918年7月签署，法国据此为摩纳哥提供有限的保护。
5389	机构-执行-compound,大臣-国务-compound,首脑-政府-compound,理事会-人-compound	执行机构包括一名国务大臣作为政府首脑，并由其主持政府的五人理事会。
5390	队伍-警察-compound	其警察队伍包括一个负责巡逻和监管船只的特别单元。
5391	项目-开垦-compound	当前的土地开垦项目包括对芳特维耶区进行扩建这一项。
5392	爱尔兰-北-compound	但北爱尔兰、英格兰和威尔士之间在法律和程序上存在重要的差异。
5393	分类法-白吉龙-compound,分类法-质量-compound	白吉龙分类法是最广为接受的气体质量分类法。
5394	分类法-质量-compound,预报-天气-compound,气候学-气象-compound	气体质量分类法于19世纪50年代就在天气预报中获得首次应用，而气候学家在1973年开始据此想法建立起了气象气候学。
5396	部落-日耳曼-compound,部落-斯拉夫-compound,期间-大迁徙-compound	在斯拉夫人于公元六世纪立足前，多个日耳曼部落和主要的斯拉夫部落在欧洲民族大迁徙期间途径摩拉维亚。
5397	公国-摩拉维亚-compound,东南部-摩拉维亚-compound,地区-Záhorie-compound,下部-奥地利-compound	至八世纪末，摩拉维亚公国在当今的摩拉维亚东南部、斯洛伐克西南Záhorie地区以及奥地利下部形成。
5398	公国-尼特拉-compound	公元833年，这里成为了大摩拉维亚国，其中包括被征服的尼特拉公国（现为斯洛伐克）。
5399	莫伊米尔-一世-flat	第一个国王是莫伊米尔一世（830-846年在位）。
5400	日耳曼-路易-flat,侄子-其-compound,莫伊米尔-一世-flat,罗斯季斯拉夫-圣-compound,St.-Rastislav-flat	日耳曼路易入侵了摩拉维亚，并让其侄子Rastiz取代了莫伊米尔一世的王位，Rastiz后被称为圣罗斯季斯拉夫(St. Rastislav)。
5402	控制-政治-compound	虽然直至较晚的日期前（1918年），冰岛仍处于丹麦的政治控制下，但在冰岛语中几乎没有借用丹麦语的元素，也鲜有受其影响之处。
5403	芬兰语-河谷-compound	也有源于芬兰语并独立演化的语言，如瑞典的托尔讷河谷芬兰语(Meänkieli)以及挪威的克温斯语(Kven)。
5404	方言-萨米人-compound,历史-语言-compound,方言-萨米-compound	辅音渐变是芬兰语和北部萨米人方言的共同特征，但在被认为具有不同语言历史的南部萨米方言中则不存在此特征。
5405	区域-北部-compound,地区-高加索-compound,区域-南部-compound,地区-高加索-compound	高加索山脉北部区域亦可称为内高加索地区(Ciscaucasus)，而南部区域可称为外高加索地区(Transcaucasus)。
5407	期间-降雨-compound	在降雨期间，液滴从周围的空气中吸收并分解二氧化碳。
5408	奥运会-夏季-compound,工作-准备-compound,控制-天气-compound	中国为2008年夏季奥运会进行的准备工作是近期天气控制的一个例子。
5409	构造力-板块-compound,大裂谷-非-compound,非-东-compound	全球板块构造力的影响形成了东非大裂谷，乞力马扎罗山和肯尼亚山位于东非，它们是非洲最高的两个山峰。
5410	一带-沿岸-compound,人-班图-compound,信徒-宗教-compound	后者让伊斯兰教传播到沿岸一带，但大部分的班图人从未接触过伊斯兰教，并保留了非洲传统宗教信徒的身份。
5411	经济-法国-compound,投资-资金-compound,设施-基础-compound,系统-劳动力-compound	法国把喀麦隆的经济与法国经济融为一体，利用资金投资和熟练工人提升基础设施，调节劳动力系统。
5412	喀麦隆-南-compound,共和国-联邦-compound	1961年10月1日，前英属南喀麦隆与法属喀麦隆统一，组成喀麦隆联邦共和国。
5413	形式-童工-compound,报导-研究-compound	根据劳动部有关最恶劣童工形式的研究报导称，在五至十四岁的儿童中有56%为童工；在七至十四岁的儿童中近53%处于半工半学的状态。
5414	撒海尔区-非洲-compound,沙漠-撒哈拉-compound,程度-极端-compound	非洲撒海尔区的气候与位于北部的撒哈拉沙漠的气候相似，但是其极端程度相对较低。
5415	撒海尔区-非洲-compound	2010年六月至八月期间，非洲撒海尔区发生饥荒。
5416	附近-海岸-compound	位于地中海海岸附近的几个古老文明均因位置近海而受到极大的影响。
5417	采集-海产-compound	在那些时代中，它为数个社区的贸易、殖民、战争乃至（来自捕鱼以及海产采集的）食品提供了通道。
5418	情况-近海-compound	由于气候、地理和近海情况相似，以地中海为中心的数个文明均在某程度上拥有互相交错的文化和历史。
5419	时代-古典-compound,文明-地中海-compound,城邦-希腊-compound,活动-殖民-compound	其中两个古典时代的最著名地中海文明是希腊城邦和腓尼基人，两者均大规模地在地中海的海岸线进行殖民活动。
5420	帝国-罗马-compound,Mare-Nostrum-flat	后来奥古斯塔斯建立了罗马帝国，罗马人把地中海称为“我们的海”(Mare Nostrum)。
5421	运河-Blindleia-compound,南部-挪威-compound	Blindleia运河是一个由礁石保护起来的水路，从挪威南部的克里斯蒂安松开始，穿过利勒桑蜿蜒而行。
5424	饮品-酒精类-compound,水果酒-烈性-compound,葡萄酒-进口-compound	这里提供酒精类饮品，诸如啤酒、蜂蜜酒和bjórr酒（一种烈性水果酒），富人还可以享用到进口葡萄酒。
5426	南部-丹内维尔克-compound,军队-德国-compound	严冬来临时，丹内维尔克和胡苏姆之间的施莱湾和湿地形成了冻土，丹内维尔克南部紧邻的土地已被前进的德国军队攻占。
5427	行动-撤退-compound,联军-奥-compound,军队-丹麦-compound	这次撤退行动让普奥联军感到意外，因为几乎所有丹麦军队都成功完成了撤离。
5428	部件-关键-compound,议题-历史-compound	不过这也导致重型火砲关键部件被遗弃，而关于为何当时通往弗伦斯堡的铁路未被妥善利用的疑问也一直是一个历史议题。
5429	大众-丹麦-compound,将军-梅塞-compound	撤退的消息让丹麦大众十分震惊，他们曾认为丹内维尔克是坚不可摧的，梅塞将军也被随即被解除指挥权。
5431	多瑙河-上-compound,数量-货物-compound	1987年，多瑙河上运输的货物数量上升至约一亿吨。
5432	区域-大部分-compound,区域-北部-compound	多瑙河三角洲的大部分区域位于罗马尼亚（图尔恰郡），而其北部区域在奇莉娅湾(Chiliaarm)左岸，位于乌克兰（敖德萨州）境内。
5433	沙漠-撒哈拉-compound	这里的气候非常干燥，偶尔甚至会有人误以为这个平原是撒哈拉沙漠的一部分。
5434	西部-国家-compound,特点-地形-compound,区域-海岸-compound	它与这个国家西部的不同之处在于，其主要的地形特点与海岸区域不相同。
5435	北部-阿尔及利亚-compound,气候-地中海-compound	阿尔及利亚北部地处温带，享有温和的地中海气候。
5437	问题-核心-compound	矛盾的核心问题在于，堪萨斯州是以自由州还是奴隶制州的身份加入联邦。
5438	事件-堪萨斯州-compound,现像-分化-compound	全国对于堪萨斯州事件的反应说明了这个国家的分化现像是多么严重。
5439	方面-颜色-compound	在颜色方面，叶子展示的是多样的绿色，从黄绿色到蓝绿色，不一而足。
5440	方法-治疗-compound	全美的印第安人都依赖其作为主要的医学治疗方法。
5441	西北部-欧洲-compound,教堂-基督-compound,主日-棕枝-compound	位于欧洲西北部和乌克兰的基督教堂通常在棕枝主日的庆典上用柳枝取代棕榈叶。
5442	山脉-阿尔卑斯-compound,地区-低海拔-compound	阿尔卑斯山脉为欧洲低海拔地区提供了饮用水、灌溉水和水力发电的条件。
5443	地表-欧洲-compound,山脉-阿尔卑斯-compound,地区-低海拔-compound,地区-干旱-compound,月份-夏季-compound,资源-水-compound	虽然此区域只占据欧洲地表的11%，但阿尔卑斯山脉为欧洲低海拔地区，特别是在干旱地区和夏季月份，提供了高达90%的水资源。
5445	资源-水-compound	超过500座水电站利用了河流的水资源，可产生多达2900千瓦的电力。
5446	山脉-阿尔卑斯-compound	欧洲的主要河流均来自瑞士，例如莱茵河、罗讷河、茵河、提契诺河和宝河，所有河流均有源头来自阿尔卑斯山脉。
5447	学习-研究-compound	对火山的研究学习可称为火山学(volcanology)，有时也可以拼写为vulcanology。
5448	含量-矽-compound	岩浆一般因矽含量高而较为粘稠，因此它一般无法到达地表，而是在深处冷却。
5450	模式-雨季-compound	全球变暖已经造成雨季模式的改变。
5451	环礁湖-小型-compound	它带有一个小型环礁湖，但是已经干涸。
5452	保护区-动物-compound	这里于1975年被宣布为野生动物保护区。
5454	活动-定居-compound,东部-当时-compound	这些定居活动约在公元前1000年可能就已开始，当时东部的美拉尼西亚人在往北迁移。
5455	家庭-其-compound,木工-家具-compound	在其家庭在肯塔基和印第安纳生活期间，托马斯·林肯曾经当过农民、家具木工和木匠。
5456	灾害-自然-compound,失收-作物-compound,传播-疾病-compound,污染-资源-compound	栖息地的破坏极大地增加了一个地区面对自然灾害时的脆弱性，例如洪水、干旱、作物失收、疾病传播和水资源污染。
5457	系统-生态-compound	另一方面，管理妥善的健康生态系统将能降低这些事件的发生率，或至少能减轻不利影响。
5458	用地-农业-compound,地貌-周边-compound	农业用地实际上可能会因为周边地貌的破坏而受到影响。
5459	附近-用地-compound,破坏-栖息地-compound,用地-农业-compound,侵蚀-土地-compound,压紧-土地-compound,枯竭-养分-compound	在过去的五十年中，农业用地附近的栖息地破坏已导致全球农业用地减少约40%，主要的原因有土地侵蚀、盐渍化、土地压紧、养分枯竭、污染和城镇化。
5460	栖息地-自然-compound	栖息地被破坏后，人类也会无法直接使用自然栖息地。
5461	巴布亚-新几内亚-flat,暴力-性别-compound	巴布亚新几内亚经常被标记为全球性别暴力可能最严重的地方。
5462	科属-植物-compound,巴布亚-新几内亚-flat	这些植物科属依然存在于巴布亚新几内亚。
5463	美洲-北-compound,美洲-南-compound	在七大洲的模型中，北美洲和南美洲被视为两个独立的大陆。
5464	群岛-印度-compound	克里斯托弗·哥伦布于1492年扬帆穿过大西洋，来到了西印度群岛，掀起了欧洲人探索美洲的热潮期。
5468	民族-本地-compound	在欧洲人来到这之前，有数个本地民族在阿拉斯加生活了数千年。
5469	原住民-澳洲-compound	他们就是在这里偷了一艘该地区澳洲原住民留下的独木舟。
5470	状况-河流-compound,水道-下-compound	随著布里斯班的发展，河流状况恶化至最糟糕的状况，情况宛如露天的下水道和污水池。
5471	大市长-布里斯班-compound,Sallyanne-Atkinson-flat,保护年-河流-compound	时任布里斯班大市长的Sallyanne Atkinson宣布1987年是“河流保护年”。
5472	地区-干旱-compound,事件-自然-compound	沙尘暴是发生在干旱地区的自然事件，这些土地没有获得植被的保护。
5473	边缘-沙漠-compound	沙尘暴通常在沙漠边缘形成，而不是在沙漠里，因为那里更微小的尘埃都已被吹走。
5474	地表-裸露-compound	随著风的稳定吹拂，位于裸露地表的细微颗粒开始颤动。
5478	报告-雷暴-compound	雷暴较为少见，因为城市每年有雷暴报告的天数仅为七天。
5479	人口-开罗-compound	到1340年，开罗人口已达将近五十万，使之成为中国西边最大的城市。
5480	一带-海滨-compound	同时，对尼罗河的额外控制促进了杰济拉岛和城市海滨一带的发展。
5481	输出-产业-compound,加工业-机械-compound,加工-食品-compound,设备-电子-compound	内华达州的产业输出有旅游业、矿业、机械加工业、印刷与出版、食品加工和电子设备。
5482	群体-土著-compound	“加勒比海”的名字从“加勒比人”演化而来，加勒比人是15世纪末在该地区与欧洲人接触的主要美洲土著群体。
5483	语言-欧洲-compound,Sea-of-flat	克里斯托弗·哥伦布于1492年发现了美洲之后，是用西班牙词Antillas来命名这片土地的；因此在各种欧洲语言中，“Sea of the Antilles”成为了它们共通的“加勒比海”代名词。
5485	南边-地峡-compound,北边-地峡-compound	自16世纪起，到访加勒比海区域的欧洲人发现了“南海”（即巴拿马地峡南边的太平洋，与“北海”相对；北海是指巴拿马地峡北边的加勒比海）。
5486	大陆-亚-compound,海域-加勒比-compound	加勒比海直到1492年才被欧亚大陆所知，当时克里斯托弗·哥伦布正在寻找海路前往亚洲，并首次驶入了加勒比海域。
5487	增长-人口-compound,扩展-城镇化-compound,系统-生态-compound	不幸的是，快速的人口增长和城镇化扩展蚕食了这些生态系统。
5488	政府-当地-compound,城市-大都会-compound	开普敦的当地政府是开普敦市，是一个大都会城市。
5489	世界-水下-compound	这篇短文以《水下世界》的名字出版，生动地讲述了一个在海床上进行的旅程。
5491	工作-编辑-compound,环节-建议-compound,工作-推广-compound	到1962年中，布鲁克斯和卡森已几近完成了编辑工作，正把手稿发给几位人士进行最终的建议环节，为这本书的推广工作奠定了基础。
5492	产业-化学-compound,大众-普罗-compound	这引起了化学产业和相关说客、以及普罗大众的注意。
5493	政府-高丽-compound	到十四世纪五十年代，恭愍王才最终获得自由开始高丽政府的改革，当时元朝已经开始瓦解。
5494	结构-经济-compound	自二十世纪六十年代以来，南韩的经济已获得了巨大的增长，经济结构被彻底改变。
5495	野餐区-乡村-compound	这通常包括低水平的发展，例如乡村野餐区、长凳和小径。
5496	公园-国家-compound,公园-国家-compound	澳大利亚的皇家国家公园建立于1879年，是世界上由官方建立的第二个国家公园。
5497	居民-本地-compound	最重要的是在快速建立的区域内提供开阔的空间，作为市民和本地居民的福利。
5498	统治-博格达汗-compound	1911年，随著清朝的灭亡，博格达汗统治下的蒙古宣布独立。
5499	民国-中华-compound,领土-其-compound	但是，新成立的中华民国认为蒙古是其领土的一部分。
5500	总统-民国-compound,袁-世凯-flat	时任中华民国总统的袁世凯认为新共和国是清朝的继承者。
5502	时期-清朝-compound	博格达汗控制的区域大约是清朝时期的前外蒙古的大小。
5503	拉美西斯-二世-flat,错误-战术-compound	在匆忙抓捕加低斯时，拉美西斯二世犯了重大的战术错误。
5504	报告-学术-compound	实际上，詹姆斯·亨利·布雷斯特德于1903年撰写的第一份关于该战役的学术报告中充分赞扬了使该战役得以重现的资源。
5505	方面-后勤-compound	拉美西斯在后勤方面无法维持长时间的攻城战，因此返回埃及。
5506	法老-埃及-compound,北部-阿穆鲁-compound,图特摩斯-三世-flat,士兵-埃及-compound	埃及法老因此发现自己身处阿穆鲁北部，在远离加低斯的图尼普，自近120年前的图特摩斯三世以来，这里从未有埃及士兵出现。
5508	希律-安提帕斯-flat,年份-结婚-compound	希律安提帕斯与希罗底的准确结婚年份仍是学者争论的话题。
5516	作家-剧-compound,分子-知识-compound,战争-特洛伊-compound,创作-作品-compound	后世的剧作家、史学家和其他知识分子会以特洛伊战争为原型进行作品创作。
5520	沈-括-flat,代理人-官府-compound,技巧-管理-compound,王-安石-flat	沈括作为官府代理人的管理技巧和能力很快得到了王安石的赏识。
5521	王-安石-flat,计划-调查-compound	1072年，沈括被派往管理王安石的淤泥沉积调查计划，对首都外的汴河开展工作。
5522	价值-肥料-compound	沈括使用了原创的技术，成功疏通了运河，并展示了淤积物具有极佳的肥料价值。
5523	夏季-年-compound,契丹-辽朝-flat	1075年夏季，他获派遣前往契丹辽朝担任使节，进一步在朝廷上获得了美誉。
5524	大使-中国-compound	契丹人进行了数次挑衅性的谈判，要求把他们的边界向南推进，同时操纵数位不称职的中国大使，让他们对辽国的要求作出让步。
5525	南部-意大利-compound,萨莱诺-当地-compound,医学-伊斯兰-compound	特别是在意大利南部，也有人研究药学，当地萨莱诺的学校受到了伊斯兰医学的影响。
5528	所需-实际-compound	每位神祗都独特的代表了日常生活的实际所需，而且被人们小心翼翼的用恰当的仪式和祭品供奉。
5529	大陆-欧洲-compound	这是坐船从欧洲大陆出发的。
5530	遗迹-祭祀-compound,走向-南北-compound,中央-石群-compound	在现场发现的祭祀遗迹由一排十座被称为立石的高大石碑组成，立石为南北走向，最高一座高3米，石群中央有一个祭坛和一个巨大的方形石制水池。
5531	当中-讨论-compound,时代-青铜-compound	这个巨碑的具体作用仍然在讨论当中，但是它们可能在中期青铜时代组成了迦南人的“高地”，即约公元前1600年。
5532	法老-埃及-compound,战役-系列-compound	迦南人的城市在大火中被焚毁，时间约在埃及法老图特摩斯三世发起一系列战役之时。
5533	资料-历史-compound,圣殿-图特摩斯-compound	有关该城市的最古老历史资料是在凯尔奈克图特摩斯圣殿中一处有关被征服地点的碑文中发现的。
5534	文书-阿马尔奈-compound,法老-埃及-compound	阿马尔奈文书可追溯至公元前14世纪，其中包括了来自基色城的国王向埃及法老效忠的十封信件。
5535	证明-出生-compound,日期-农历-compound	泰国出生证明记录的是出生的月份、日期和时间，然后是星期几、农历日期以及生肖。
5536	生肖-黄道-compound,意义-传统-compound,庆典-周年-compound	她的黄道生肖是猴子，她的传统意义上很重要的六十周年庆典是在1992年。
5537	表格-工作日-compound,各天-当周-compound,图片-菩萨-compound	泰国每天的吉祥颜色是根据工作日表格来分配的，下面带有一个链接，可以打开当周各天的菩萨图片。
5538	华人-泰国-compound,春节-农历-compound,农历-中国-compound	泰国华人的农历春节和其他节日各有不同，因为这些节日是按照中国农历来计算的。
5539	地区-角洲-compound	此外，他加强了埃及和亚洲之间的防卫，在东三角洲地区建造了大公墙。
5540	工程-建造-compound	他仅统治了十五年，这从他很多未完工的建造工程中得到了印证。
5541	埃及-下-compound	除此之外，他们两者似乎都至少占有下埃及的一些区域。
5542	酒店-山庄-compound	2002年9月9日，阿特灵被人以接受日本儿童电视节目有关太空的问题的采访为借口，引诱前往比佛利山庄酒店。
5544	王朝-哈布斯堡-compound,帝国-罗马-compound,皇帝-帝国-compound	1519年，他成为哈布斯堡王朝的统治者，并于1530年获得了神圣罗马帝国皇帝的头衔。
5546	成员-贵族-compound,总督-巴拿马-compound,行动-迫害-compound	1566年，由约400名贵族成员组成的联盟向巴拿马总督玛格丽特递交了请愿，要求在余部返回前中止迫害行动。
5547	帝国-奥斯曼-compound,叛军-荷兰-compound,能力-军事-compound	它与奥斯曼帝国在地中海的斗争，大大限制了其部署兵力对抗荷兰叛军的军事能力。
5548	时代-青铜-compound,天文台-气象-compound	一座青铜时代的气象天文台在公元前约1900年建成，一直到公元前700年，它依然在为附近生活的社区持续提供服务。
5552	月份-农历-compound	两个用于测量农历月份的长度。
5553	重要性-其-compound	其重要性在两个事实中反应出来。
5554	半岛-尤卡坦-compound,时期-后古典-compound	第三个系统在尤卡坦半岛的后古典时期被应用。
5556	事物-新生-compound	但是在新生事物中，希斯帕尼亚的影响也非常大。
5558	皇帝-卡瑞卡拉-compound	到了3世纪时，卡瑞卡拉皇帝提出了一个新的分区，但仅存在了很短的时间。
5559	湖区-拉迪亚德吉-compound,名字-新生儿-compound	他们被拉迪亚德吉湖区的美深深打动，以至于他们的第一个孩子出生时，以它来作为新生儿名字。
5560	佛罗伦萨-葛拉德-flat	在那儿的时候，吉卜林也与在南海与崔丝一同上船的佛罗伦萨葛拉德相遇，并且坠入爱河（当时崔丝已返回了南海）。
5561	兴致-写作-compound	编辑惠勒斯蒂芬在工作上给了吉卜林很大压力，但是基普林的写作兴致势不可挡。
5564	写作-独立-compound,方面-心理学-compound	《金瓶梅》于1610年出版，虽然著作整合了过往的材料，但它标志了迈向独立写作的趋势，表达了对心理学方面的关注。
5565	入读率-高中-compound,增长率-经济-compound	更高的男子高中入读率、人均收入及经济增长率都对降低发生内战的机率有著重大的影响。
5566	入读率-高中-compound	具体来说，男子高中入读率比平均水平高10%时，冲突发生的机率就会大概降低3%；而当增长率比研究的平均数据高1%时，内战发生的机率就会大概降低1%。
5567	指标-收益-compound,收益-放弃-compound	这项研究说明了这三项因素是放弃叛乱的收益指标，因此较低的放弃收益会鼓励叛乱的发生。
5568	参战者-内战-compound,部分-组成-compound	换言之，如果年轻的男性（他们是内战参战者的主要组成部分）有接受教育，或拥有满意的薪资，并能合理地假设他们未来会获得成功，那么他们参与叛乱的机率会降低。
5569	暴乱-武装-compound	已有人提出较低的人均收入是抱怨愤懑的起因，会推动武装暴乱。
5571	起义-阿拉伯-compound,战线-中东-compound	于1916年发生的阿拉伯起义扭转了对抗奥斯曼人的中东战线的局势，在此之前，奥斯曼人在战争开始的前两年似乎还是占据优势的。
5572	社会-人类-compound	本书在多个段落中详细探讨了战争对人类社会及文化的伤害。
5573	牧师-道明会-compound,大主教-萨尔兹堡-compound	道明会牧师海因里希·克雷默是萨尔兹堡大主教的助理。
5574	裁判所-宗教-compound,教徒-其-compound	1538年，西班牙宗教裁判所告诫其教徒不能相信《女巫之槌》的所有内容。
5575	教义-天主教-compound	强制受洗有悖天主教教义；理论上而言，任何人在强制受洗后都可以重新皈依犹太教。
5576	犹太人-塞法迪-compound,犹太人-西班牙裔-compound,当中-犹太人-compound,对象-迫害-compound	西班牙于1492年驱逐了境内的塞法迪犹太人；这些西班牙裔犹太人当中很多人离开西班牙去了葡萄牙，但是最后同样成了迫害对象。
5577	东部-马其顿-compound	马其顿东部紧邻色雷斯的边境现在被奈斯托斯河（也叫麦斯塔河）所包围。
5580	军队-马其顿-compound	马其顿军队一直行进到把希腊一分为二的温泉关，却并不打算占领它，因为该处有雅典、斯巴达以及亚加亚联军的重兵守护。
5581	边境-马其顿-compound,军队-马其顿-compound	确保了马其顿边境的安全之后，菲利普召集了一个庞大的马其顿军队深入色雷斯，开始了长久的征服战。
5582	女皇-俄罗斯-compound	俄罗斯女皇叶卡捷琳娜同样非常满意。
5583	期间-战争-compound,事件-珍珠港-compound	战争期间，美国经常用珍珠港事件来宣传。
5584	王朝-罗曼诺夫-compound,愿景-理想-compound,情况-实际-compound	对罗曼诺夫王朝的理想愿景使他对国家的实际情况视而不见。
5585	帝国-俄罗斯-compound,大战-世界-compound	俄罗斯帝国汇集了不同民族，这些民族在第一次世界大战之前就已经有了分离的明显迹象。
5586	王朝-素可泰-compound	该城邦与素可泰王朝在同一时期出现。
5587	通道-交易-compound,增长-经济-compound	在16世纪与西方的往来中，因为建立起了利润可观的交易通道，带来了一系列长远的经济增长。
5589	冲突-海外-compound	但是，它太执著于西方的蝇头小利，未能做好面对海外冲突的充分准备。
5590	部队-警卫-compound	在佛罗里达的集结待命区，它所依赖的志愿军和国民警卫部队面临著运输、训练和粮食的问题。
5591	军队-美国-compound	美国解放了古巴（在美国军队占领古巴之后）。
5592	协议-和平-compound	根据和平协议，西班牙将自己的殖民地波多黎各、关岛以及菲律宾割让给了美国。
5595	时期-复兴-compound,文学-古代-compound,作品-古典-compound,行为-人类-compound	文艺复兴时期的教育主要由古代文学和历史组成，这是因为人们认为古典作品能够陶冶情操、加深对人类行为的了解。
5596	分析-数据-compound	但是，有一个全面的人口统计数据分析，对象包括妇女，特别是有养育孩子的那些。
5597	地点-埋葬-compound	关于这个时期的信息主要来自埋葬地点以及陪葬品。
5599	字母-希腊-compound	随著希腊向西边的西西里岛及意大利（皮特库赛以及库迈）殖民，希腊字母的影响越来越广。
5600	亚-东南-compound,巴布亚-新几内亚-flat	香蕉和粉芭蕉，最早在东南亚种植（最有可能在巴布亚新几内亚），可能早在5000年前就已传至非洲。
5602	原理-工作-compound	苏格兰人詹姆斯·瓦特从根本上改变了其工作原理。
5603	革命-工业-compound,部件-金属-compound	工业革命令人们对机器金属部件有所需求。
5604	战争-美塞尼亚-compound,期间-战争-compound,势力-本地-compound	在第二次美塞尼亚战争期间，斯巴达在伯罗奔尼撒及希腊的其他地方成为了一个本地势力。
5605	活动-评选-compound,T型车-福特-compound	在20世纪国际汽车评选活动中，福特T型车被评为最有影响力车型。
5606	公司-汽车-compound,公司-通用-compound,公司-福特-compound,汽车-小型-compound	美国汽车公司的紧凑车型漫步者大获成功，在这种激励下，通用公司和福特公司于1960年推出了自己的小型汽车。
5608	名字-其-compound	如果对方是皇室，直呼其名字会显得非常不礼貌。
5609	天皇-明治-compound	从明治天皇开始，人们习惯称一位天皇在位的期间为一个纪元；在天皇死后，则以天皇在位的年号称呼天皇。
5610	天皇-明治-compound,年号-朝代-compound	明治天皇以前，朝代年号经常改变，天皇的谥号也起自不同的方式。
5611	天皇-昭和-compound	其他国家的人，则直接用名字称呼日本昭和天皇以后的天皇，无论他们是否在世。
5612	地区-亚太-compound,部队-侵略-compound,人口-死亡-compound	亚太地区有三百万至一千万人口死于日本侵略部队，其中中国的死亡人口最多，约有七百五十万。
5614	战争-地面-compound,防御-静态-compound	地面战争的格局从一战时由静态防御的前线主导，变成更注重机动性和武器的多样性。
5615	部队-骑兵-compound,训练-剑术-compound	英国骑兵部队同时还接受严格的剑术训练。
5616	重骑兵-英国-compound,力量-有生-compound	一些历史学家，如钱德勒和威勒，认为英国重骑兵在发起第一次伟大的进攻之后，就被视为有生力量而遭消灭了。
5617	研究-基因-compound,祖先-亚-compound,西北部-印度-compound	对罗马人常染色体的基因研究表明，罗马人的南亚祖先来自印度西北部。
5618	起源-音乐-compound	音乐起源的解释取决于对音乐的定义。
5619	活动-团体-compound	在人类之中，男人和女人都是很好的歌手，创造音乐几乎是一项团体活动。
5620	总督-湖-compound,贸易-鸦片-compound,战争-鸦片-compound	1839年两湖总督林则徐禁止鸦片贸易之后，中国不得不面对英国发起的第一次鸦片战争。
5621	条约-南京-compound	中国战败，于1842签订了《南京条约》。
5623	战争-鸦片-compound,条约-天津-compound,条约-北京-compound	1856年，第二次鸦片战争爆发；中国再次战败，被迫接受1858年《天津条约》和1860年《北京条约》。
5624	港口-贸易-compound,内地-中国-compound	条约开放了新的贸易港口，同时允许外国人在中国内地旅行。
5625	会议-商务-compound,人士-专业-compound,技术-军事-compound	拉玛尔和曼德尔一起参加商务会议，在会议中，他和科学家以及其他专业人士一起探讨军事技术。
5626	发明-早期-compound,信号灯-交通-compound,饮料-碳酸-compound	拉玛尔的早期发明包括改良交通信号灯以及能够溶于水产生碳酸饮料的药丸。
5627	广告-电视-compound	她接到了好几个剧本、电视广告和舞台剧，但是没一个让她感兴趣。
5628	军官-党卫军-compound,民兵-法兰西-compound,部队-抵抗-compound	党卫军军官、带领法兰西民兵追杀抵抗部队的约瑟夫·达尔南德于1945年10月被处死。
5630	中期-年代-compound,生涯-职业-compound	电影记录了20世纪80年代中期，卡兰芝因大量吸食海洛而毁灭自己的职业生涯，走向堕落，并死于艾滋病的过程。
5631	局势-战场-compound	这个系统的成功研发在此次战争中已经太晚了；尽管很多B29轰炸机都装备了“鹰”雷达而且能够很好地应用，但是它的姗姗来迟还是未能改变战场局势。
5632	系统-进场-compound,系统-雷达-compound,领域-航空-compound,空运-柏林-compound,作用-关键-compound	阿尔瓦雷茨最为知名的成就当属名为地面控制进场系统的雷达系统，该系统在航空领域中，尤其是在战后的柏林空运中，发挥了关键作用。
5633	天线-偶极-compound,系统-进场-compound,分辨率-坐标-compound,控制员-雷达-compound,显示器-高精度-compound,指令-语音-compound	利用阿尔瓦雷茨的偶极天线，地面控制进场系统能够取得很高的角坐标分辨率，从而使得地面雷达控制员能够通过观察高精度显示器，向飞行员发送语音指令，指引正在著陆的飞机进入跑道。
5636	居住区-土著-compound	随著人口的增长，新的土著居住区也随之出现。
5637	叛军-同盟-compound	解放刚果民主力量同盟叛军于1997年4月占领了卢本巴希。
5640	关系-母子-compound,形象-人物-compound	有时，希区柯克的电影刻画挣扎于母子关系的人物形象。
5641	设计师-海报-compound,主题-电影-compound	希区柯克更喜欢和同时代最好的人才一起工作，例如电影海报设计师比尔·格德和索尔·巴斯，他们设计的海报能够准确地表达他的电影主题。
5642	心里-赫尔茨-compound,斗争-思想-compound,成功-生涯-compound,人物-公众-compound	赫尔茨心里有激烈的思想斗争，一面是对取得文学生涯成功的渴望，一面是成为公众人物的期待。
5643	大使馆-英国-compound	1896年3月10日，英国大使馆的威廉·赫尔勒牧师拜访了赫尔茨。
5645	缘-女人-compound	莱尼一直缺乏女人缘，打著光棍。
5647	学院-戏剧-compound	决定学习戏剧后，温斯顿进入了哈默史密斯的科罗娜戏剧学院。
5650	影业-环球-compound,产权-知识-compound	迪斯尼还发现环球影业拥有《幸运兔奥斯瓦》的知识产权。
5651	成就奖-终身-compound	迪斯尼再一次获得了奥斯卡终身成就奖，该奖项由一座大金人和七座小金人组成。
5652	用品-学习-compound	这张卡里的补助能够从自动取款机取出，用于购买需要的学习用品，如书和校服。
5653	市场-传统-compound	他还在2013年建造并修葺了五座传统市场，在2014年建了四座市场。
5654	对手-竞争-compound,民众-印尼-compound	但是他的竞争对手普拉博沃·苏比安托同样宣布获胜，印尼民众因此困惑无比。
5656	金-正日-flat,自传-官方-compound,舞台剧-音乐-compound	金正日的官方自传还声称他创作了六部歌剧，喜欢音乐舞台剧。
5658	大学-爱丁堡-compound,晚报-爱丁堡-compound,评论-戏剧-compound	贝瑞进了爱丁堡大学，他在那里为《爱丁堡晚报》写戏剧评论。
5659	学位-硕士-compound	他于1882年4月21日毕业，获得文学硕士学位。
5660	广告-招聘-compound,日报-诺丁汉-compound	他的妹妹在《苏格兰人报》上看到了一个招聘广告，告诉了他，随后他在《诺丁汉日报》担任记者，为期一年半。
5663	美-北-compound	截至2009年，《当下的力量》和《新世界》在北美总的销量分别被评估为三百万册和五百万册。
5664	学者-基督教-compound	一些基督教学者批评托尔的学说，但是其他人则赞赏有加。
5665	障碍-学习-compound	1991年到1997年之间，她为患有学习障碍的儿童开设了一所学校。
5666	小说-纪实-compound,伯爵-女-compound	她最新纪实小说是关于论诺克斯的女伯爵玛格丽特·道格拉斯的。
5667	曲线-学习-compound	她发现向小说转型很容易，并且解释道：“每一本书都是一个学习曲线，你必须保持开放的心态。”
5668	公主-茉莉-compound,制片人-电影-compound	为了避免茉莉公主出现类似的尴尬局面，电影制片人最后决定在一个工作室内制作动画。
5669	外貌-最终-compound,传统-欧洲-compound	确定最终外貌后，茉莉成为了迪士尼第一个不同于欧洲传统的非白人公主。
5670	权利-公民-compound,宽容-种族-compound,等级-社会-compound	具有戏剧性的是，茉莉同时还代表了公民权利、种族宽容、社会等级以及对生命、自由和幸福的追求。
5671	制度-主义-compound,斗争-抵抗-compound,主义-人道-compound	但是，在波兰放弃社会主义制度之前，公众未能了解她在战时的抵抗斗争和人道主义工作。
5673	巅峰-职业-compound,音乐界-当地-compound	在故乡澳大利亚到达职业巅峰后，盖耶于1984年回到洛杉矶定居，一心一意进入当地音乐界。
5676	议院-下-compound,资格-候选人-compound,资格-候选人-compound	在下议院决定他的候选人资格无效并宣布得票第二名获胜之前，威尔克斯两次被选举成功随后又遭取消候选人资格。
5677	政府-格拉夫顿-compound,勋爵-诺斯-compound	1770年格拉夫顿政府分裂，诺斯勋爵带领的托利党重新掌权。
5679	兄弟们-他-compound	乔治为他兄弟们的道德沦丧而震惊。
5680	兄弟-亨利-compound,公爵-坎伯兰-compound	1770年，他的兄弟亨利王子坎伯兰和斯特拉森公爵被曝与人通奸；第二年，坎伯兰公爵娶了年轻的寡妇安娜·霍顿。
5682	人-投资-compound	此时，她的投资人极度奢华的花费和一系列错误的投资，使得她几乎破产。
5683	乐队-冰岛-compound	2012年6月，冰岛乐队“胜利的玫瑰”发布单曲“四台钢琴”视频，主演拉博夫裸体出镜。
5684	邮报-圣路易-compound,作品-演出-compound	《圣路易邮报》称其为拉博夫最佳的演出作品之一。
5686	当天-比赛-compound,父亲-他-compound	在比赛当天，艾略特参加了他父亲的葬礼。
5687	冠军-温斯顿杯-compound	2003年，他在积分榜领先，在最后36场比赛中，赢了33场，获得了2003年纳斯卡温斯顿杯冠军，成为最后一个获得该项头衔的赛车手。
5690	公司-唱片-compound	其中三首歌曲由拉费蒂的兄弟、歌手兼作曲家吉姆共同创作，他于20世纪70年代签约迪卡唱片公司。
5691	专辑-年-compound,父亲-她-compound	在1994年专辑《无法承担》之中，拉费蒂重新录制了他在“游荡者”乐队时的单曲“她父亲不再喜欢我”。
5693	人员-技术-compound	至少33万人参与了该项目，其中包括1万名技术人员。
5694	安全部-国家-compound,部门-强力-compound,地位-统治-compound	斯大林开始鼓励阿巴库莫夫在国家安全部内组建自己的网络，以挑战贝利亚在该强力部门内的统治地位。
5695	地区-乌夏克吞-compound,地区-低地-compound,特征-发展-compound	来自贝登和乌夏克吞地区的数据证实，这些地点符合玛雅低地地区的文化发展特征。
5696	措施-抵抗-compound	汤普逊的文章认为玛雅人是非常“平和”的民族，因为他们缺乏明显的抵抗措施。
5697	美洲-中-compound,图像-史前-compound,工具-交通-compound	在中美洲史前图像和文本中未找到帆船的记录；相反，有理论认为当时的玛雅人使用独木舟作为主要的水上交通工具。
5698	系列-漫威-compound	在接下来的一集中，史达林接替了编剧的角色，开始设计以邪恶萨诺斯为主角的故事，这些故事其后出现在漫威系列接下来的多集之中。
5699	中期-年代-compound,故事-科幻-compound,故事-系列-compound	在20世纪70年代中期，史达林同时还为独立出版的科幻故事《星际遨游》创作了一系列故事。
5700	德川-家康-flat,后代-直系-compound	三岛的祖母是德川家康的直系后代。
5701	训练-举重-compound	1955年，三岛开始接受举重训练，每星期训练三次，在生命的最后15年内，从未中断。
5702	品牌-民族-compound	三岛生前赞助了一个独立的民族品牌。
5703	代言人-香水-compound	2011年，布朗特担任伊夫·圣·罗兰鸦片香水代言人。
5704	电影-喜剧-compound	布朗特出演了2011年的英国喜剧电影《鱼跃奇缘》，该电影由莱塞·霍尔斯道姆导演，伊云·麦葵格和姬丝汀·史葛·汤玛丝共同出演。
5705	大电影-布偶-compound,小妹-猪-compound	同年，她客串了迪士尼的《布偶大电影》，担任猪小妹的服务员。
5707	电影-科幻-compound	2011年1月，布朗特开始出演莱恩·约翰逊导演的美国科幻电影《时凶猎杀》，一起出演的还有布鲁斯·威利斯以及乔瑟夫·高登-李维；该片于2012年9月上映。
5708	形象-典型-compound	瓦伦蒂诺试图让角色摆脱作为一个阿拉伯人的典型形象。
5710	议长-枢密院-compound,议长-哈利法克斯-compound,官员-德国-compound	枢密院议长哈利法克斯勋爵于11月秘密访问了德国，会见了希特勒和其他德国官员。
5711	军队-德国-compound,张-伯伦-flat	德国军队穿过边境之后，张伯伦在对内阁的发言中把责任归咎于德国和奥地利。
5712	士兵-边境-compound,农民-德国-compound,检查-边境-compound	五月，捷克边境士兵枪杀了苏台德地区两个德国农民，他们在试图穿过边境进入捷克斯洛伐克时拒绝接受边境检查。
5713	莫-墨-flat	当时，玛塞尔经常一个人呆在房间里，皮雅芙和莫墨则在街上闲逛或在酒吧唱歌。
5715	小说-系列-compound,技术-信息-compound	系列小说《云雀》的另一主题是预测现代信息技术。
5716	样本-钋-compound	早在1926年，迈尔就致信伊雷娜·约里奥-居里，建议让罗娜和她一起工作，以了解他的实验室是如何制作出自己的钋样本的。
5717	研究所-居里-compound,分离-钋-compound	汉斯·佩特森能够支付罗娜的费用之后，约里奥-居里就同意让罗娜来巴黎居里研究所学习钋分离。
5718	射线-α-compound	罗娜发明了一种更好的制备钋源和产生α射线的方法。
5719	研究所-镭学-compound	在该领域获得认可之后，她带著这些技术以及一小块钋回到了镭学研究所。
5720	样本-钋-compound	这一小块钋使罗娜能够制作实验室钋样本，开展研究所接下来的工作。
5721	期间-休假-compound,电视台-加拿大-compound,主持人-嘉宾-compound	2013年的休假期间，她去了蒙特利尔的加拿大电视台担任天气预报节目嘉宾主持人。
5722	选手-种子-compound	接下来她挑战了卫冕冠军的头号种子选手莎拉·埃拉尼，但以失败告终。
5724	约克-公爵-compound,爱德华-四世-flat,理查-三世-flat,公爵-约克-compound	他们的女儿西西莉嫁给了约克公爵三世理查·金雀花，生了包括爱德华四世和理查三世在内的几个孩子，乔于是成为了英国两位约克公爵的祖母。
5727	演员-女-compound	他不久前刚和女演员葛洛丽亚·霍尔登离婚，但在离婚后却仍然爱著妻子。
5728	弟弟-花花公子-compound	在奥黛丽·赫本主演的电影《龙凤配》(1954)中，他出演了亨弗莱·鲍嘉游手好闲的花花公子弟弟。
5729	周期-选举-compound	在接下来的选举周期中，他选择放弃第三次连任。
5730	竞选-总统-compound,总统-时任-compound,危机-国内-compound,危机-人质-compound,发酵-持续-compound	1980年的总统竞选在里根和时任总统吉米·卡特之间进行，当时正值国内危机以及伊朗人质危机的持续发酵。
5731	议院-众-compound	共和党在参议院取得了1952年以来的第一次胜利，但在众议院却仅仅得了34席，远远低于占绝大多数席位的民主党。
5732	总统-美国-compound	身体康复后，他在4月11日出院，成为了第一位在暗杀中幸存下来的时任美国总统。
5734	主义-马克思-compound,方针-指导-compound,内涵-人文-compound	布洛克坚定地认为希望才是马克思主义的指导方针，同时还强调根植于神秘传统中的人文内涵。
5736	协议-出版-compound	在她写的歌成功获得歌曲出版协议之后，贝贝于1991年将家搬往田纳西州的纳什维尔。
5737	成员-乐队-compound	凯莎和贝贝一起创作了歌曲《史蒂芬》，当时她只有16岁，凯莎随后找到了她所钦佩的作曲家、政治文献乐队成员大卫·加姆逊，后者同意为她写歌。
5738	专辑-录音室-compound	2015年8月之前，凯莎并未透露多少自己即将发布的第三张录音室专辑的信息。
5741	艺术-概念-compound,画册-宣传-compound	埃德加·赖特的兄弟奥斯卡，是一名漫画家，为他的电影写剧本、设计概念艺术并制作宣传画册。
5742	导演-新生代-compound	赖特是新生代导演加斯·詹宁斯的朋友，在他的电影《银河系漫游指南》及《第二滴血》中客串演出。
5744	会议-伦敦-compound,大使-大国-compound	1912年12月伦敦会议之初，六大国大使否决了建立一个独立的阿尔巴尼亚的计划。
5745	政府-自治-compound	相反，他们决定让阿尔巴尼亚仍然处于宗主国奥斯曼的统治，但拥有自治政府。
5746	帝国-奥斯曼-compound	在奥斯曼帝国很明显就要失去马其顿及其与阿尔巴尼亚相邻的领土之后，六大国意识到他们必须改变自己的决定。
5747	条约-伦敦-compound,构成-民族-compound,领土-大部分-compound,同盟-巴尔干-compound,地区-中央-compound	1913年5月30日签订的《伦敦条约》无视阿尔巴尼亚的民族构成，将其主张的大部分领土分割给了巴尔干同盟，只剩下了中央地区。
5749	国王-沙特阿拉伯国-compound,King-Salaman-flat,局长-监管局-compound,Mohammed-al-Jadaan-flat,老手-政坛-compound	沙特阿拉伯国国王萨勒曼（King Salaman）让财政监管局局长穆罕默德•杰登（Mohammed al-Jadaan）代替政坛老手。
5750	产品-食用-compound,资源-自然-compound,投资者-全球-compound	石油、黄金或者像是小麦这样的食用产品都是自然资源，也是全球投资者投资几十亿的对象。
5751	比赛-国际-compound,足协-德国-compound,记录-进球-compound	他在137次国际比赛中进了71次球，创下德国足协（DFB）的进球记录。
5752	数据-藉记卡-compound,员工-退休-compound	在藉记卡数据的帮助下，埃森的警察正在调查四名目击者，因为当一名退休员工在银行死掉的时候，他们在一旁袖手旁观。
5754	元-欧-compound	因为系列1不再是旧款，所以很多用户可以省100欧元。
5755	预测-谣言-compound,上方-键盘-compound,屏条-显示-compound	照片中明显能看到谣言预测中那个处于键盘上方的那条窄窄的触控显示屏条。
5756	样-怎么-compound,作家-剧-compound	没有人知道怎么样才能让两位剧作家合作。
5758	安全局-联邦-compound	据帕克所说，俄国联邦安全局的特工在英国特别活跃。
5761	过程-政治-compound	据说，这是一个政治过程，我决定不参与其中。
5762	员工-土耳其-compound,委员会-工作-compound	如果一个土耳其员工辞职，那么土耳其的工作委员会就会来处理此事。
5763	系统-医疗-compound	从这一点来看，美国医疗系统、教育和对外贸易如此糟糕的原因是其陈腐的结构和自满的精英。
5765	报纸-德国-compound,Die-ZEIT-flat,企业-房地产-compound,危机-破产-compound	德国报纸《时代周报》（Die ZEIT）首先向该房地产企业质询了其可疑的现金流和七月份的破产危机。
5766	Monster-Mash-flat	魔幻时刻至少是从恐怖的风琴奏起时开始的，就像60年代的热曲《土豆怪兽》（Monster Mash）一样。
5767	Von-Beust-flat	博伊·斯特（Von Beust）解释说，费用增加是因为缺少具体计划而导致的。
5768	Simon-Krätschmer-flat	西蒙（Simon Krätschmer）在破旧、危险的军营中独自探索。
5770	模型-手机-compound	智能手机模型的生产已完全停止。
5771	30-月-compound	2015年8月30这一天，互联网被一群鸭子占据了。
5772	手机-智能-compound,程序-应用-compound	这一代智能手机能接收到一款很适用于本机的应用程序，在最好的情况下，这一愚蠢至极的情况为其赢得数百万的买家。
5774	冠军-世界-compound	现在他也成了世界冠军。
5775	季末-赛季-compound	然而对科贝尔（Kerber）来说，赛季季末标志著不可思议的一年的结束。
5776	公开赛-网球-compound,Serena-Williams-flat	在澳洲网球公开赛上引发轰动之后，这位28岁的参赛者首次被小威廉姆斯（Serena Williams）在半决赛中击败。
5779	方面-避孕-compound	很明显：在避孕方面，男人应付更多责任。
5782	Günter-de-flat	警察傻到不行的问我是否认识作家君特·德·布吕因（Günter de Bruyn），以及我们是否是亲戚。
5783	事件-坠毁-compound,Larry-Vance-flat,周刊-明镜-compound	加拿大飞机坠毁事件的调查者拉里万斯（Larry Vance）告诉《明镜周刊》（SPIEGEL），他确信其中一名驾驶员试图让飞机在海上迫降——以便让飞机沉入海底。
5784	专家-澳大利亚-compound,海岸-坦桑尼亚-compound,飞机-波音-compound,襟翼-著陆-compound	澳大利亚专家调查了被冲上东非坦桑尼亚海岸的波音飞机的著陆襟翼，并从中得出了新结论。
5787	行为-逮捕-compound	目前的逮捕行为是“继续对我们耍的一种把戏”，艾达（Dündar）说道。
5788	派系-敌对-compound	目前来说，奥恩（Aoun）和哈里里（Hariri）之间的交易使这两个敌对派系变的更亲密。
5789	候选人-总统-compound,Hillary-Clinton-flat	美国当前总统候选人希拉里·克林顿（Hillary Clinton）的丈夫在他当总统的最后一天，也就是2001年1月20日，赦免了很多人，包括马克·里奇（MarcRich）。
5791	Adnan-Z.-flat,设备-发电-compound,经济-全球-compound	国际可再生能源署的总干事阿德南·阿明（Adnan Z. Amin）确信：“海上风力发电设备会在以非煤能源为基础的全球经济中成为领先的发电机。”
5792	价格-股市-compound	亚洲良好的形势使股市价格立即上涨。
5793	市场-房地产-compound,开支-联邦-compound	有人预测繁荣发展的房地产市场会遭遇不顺，联邦开支也会增加。
5794	Lucas-Cranach-flat	展览中，老卢卡斯·克拉纳赫（Lucas Cranach the Elder）画的两幅画特别引人注目。
5795	公司-唱片-compound,协会-复制权-compound	因此，令人烦恼的迹像不会完全消失：例如，根据德新社（DPA）的消息，只有当艺术家或唱片公司不是音乐演出和作品复制权协会(GEMA)的成员且跟YouTube没有协议时，他们才会被激活。
5796	大脑-青少年-compound	污染物不仅会伤害小孩子未发育的肺；他们也会导致青少年大脑的发育长期受到损伤。
5797	政府-联邦-compound,政府-州-compound,遗产-自然-compound,合同-联盟-compound	联邦政府和州政府把保护国家级自然遗产列为国家的首要任务并从2005年起就开始把这一点写在联盟合同里，这不足为奇。
5798	先生-科密-compound	与10月28日的那次不同，科密先生的这封信几乎没有被评论过。
5799	对手-民主党-compound	如果他的民主党对手竞选成功了，他保证她会“被调查很多年”。
5800	账号-推特-compound,武器-核-compound	奥巴马嘲笑他：“如果一个人管不好自己的推特账号，那他也管不好核武器。”
5802	总统-女-compound	本周二，美国可能就会选出历史上第一位女总统了。
5803	女士-克林顿-compound	另一方面，克林顿女士和这片大陆在过去二十年的关系还有很大改进的余地。
5804	保守派-党-compound	伊斯兰正义与发展党保守派把这次拒绝作为之前的疑问的证明。
5806	地区-加龙-compound,条约-发展-compound	11月3日星期四，圣戈当（上加龙地区）市长决定暂停于2014年与政府签订的城市发展条约。
5807	初选-党内-compound	后者在监督共和党的党内初选，在那次初选中瑞启达·达利对尼古拉斯·萨科齐表示了支持。
5808	部长-前司法部-compound,分子-法西斯-compound,部长-内政-compound	在这条信息里，前司法部部长谴责布里斯·奥尔特弗是一个“法西斯分子”、“愚蠢内政部长”和一个”暴徒“。
5809	信仰-宗教-compound	禁止在私人公司内表达宗教信仰的行为的限度是什么？
5810	环境-工作-compound,问题-大部分-compound	即便工作环境中的大部分问题也可以通过无冲突的方法解决。
5811	人员-工作-compound	工作人员可以把宗教相关的物品放在办公桌上吗？
5812	总工会-力量-compound,女士-吉拉德-compound	法国工人力量总工会对手册中没有涵盖他们的意见表示遗憾，吉拉德女士说：“根本没有咨询我们的意见。”
5814	时间-路途-compound,时长-工作-compound	这项条约将去客户家的路途时间包含在工作时长内。
5816	时间-路途-compound,时间-工作-compound,时间-路途-compound	这样做的目的是在无法计算实际路途时间的情况下，在将它从实际完成的工作时间中扣除后仍然把路途时间考虑进去。
5817	时间-工作-compound	第一小时的工作时间差不多是45分钟左右。
5818	透露-代表-compound	“ETA要来了，”法国代表透露。
5820	技术-数码-compound,委员会-数字-compound	对议案提出了建议，同时对数码技术提出了问题的法国数字委员会，也可以对其进行详细检查。
5821	元-欧-compound,元-欧-compound	根据费加罗报的说法，政府的计划能够省出4200万欧元，其中1550万欧元可以供安保使用。
5822	名声-法国-compound	法国名声不太好。
5823	自由堡-威尼托-compound,家庭-天主教-compound,父亲-军人-compound	蒂娜·安塞密尔于1927年3月25日出生于威尼托自由堡；她在一个反法西斯的天主教家庭中长大，她的家庭受社会主义军人父亲被迫害的经历的影响。
5824	联盟-天主教-compound,工人-纺织业-compound	一直与天主教联盟关系密切的蒂娜·安赛密尔尤其关注教师和纺织业工人的权利。
5825	里程-地铁-compound	难以想像意大利拥有的地铁里程竟然少于马德里。
5829	元-欧-compound,元-欧-compound	政府会为老年人提供500欧元，这500欧元需要在2017年12月31日之前花完。
5830	手机-智能-compound	一张抵价券会被生成，它可以存在智能手机里或在柜台出示。
5832	CGI-Mestre-flat	CGI Mestre在通知中表明，至少在2017年以前，增值税不会上升。
5833	水平-首位-compound	在两个情况下都属于欧盟首位水平。
5834	价格-柴油-compound,元-欧-compound,元-欧-compound	最新的数据来源于去年10月24日，其中讲到，柴油价格为1335欧元每升，欧元区平均价格为1165欧元每升。
5835	元-欧-compound	花费为1365欧元每升，这个价格大幅超过了使用单一货币国家的平均价格。
5836	银行-西雅那-compound	科朵拉·帕塞拉撤回了提供给西雅那银行的报价，原因是“银行对我们展现的怠慢态度”。
5837	央行-欧洲-compound	正如指出的那样，这个决定是欧洲央行的权力，如果银行从自己的角度考虑而排除了其他的选项的可能性，这样是不合适的。
5838	银行-西雅那-compound	这是在前部长决定退党之后写在一张给西雅那银行的通知上的信息。
5840	大学-自由-compound	在课上，国际社会科学自由大学的学生被告知了一场在罗马举办的会议。
5841	上午-今天-compound,妻子-其-compound	今天上午，教皇方济各在圣玛尔塔会见了马克·扎克伯格及其妻子。
5842	行动-司机-compound,头盔-摩托车-compound	罗马第三大学的四名学生发明出了一种通过预测司机行动来“读心”的摩托车头盔。
5843	措施-安全-compound,机器人-拟人-compound	在安全措施下，其中一个研究的实例也制造了一个和瓦伦蒂诺·罗西竞争的拟人机器人。
5844	公司-优步-compound,元-美-compound,董事会-公司-compound	作为回报，优步公司会获得10亿美元的投资，同时会获得中国公司董事会的一席。
5845	公司-科技-compound	前所未有的是，越来越多的科技公司能够在华尔街上有一席之地了，数量甚至比在矽谷的还要多。
5846	公司-美孚-compound,占有量-市场-compound,公司-美国-compound	亚马逊，超过了美孚公司，成为了第四家拥有最大市场占有量的美国公司。
5847	峰会-山景城-compound	Spotify，特斯拉，优步以及快拍等公司的领导人在山景城峰会以外还会参加一个私人活动。
5848	总统-自治区-compound,领导人-党派-compound	马德里自治区总统Cristina Cifuentes代表了最保守的一派，而党派领导人，比如副部长Javier Maroto则代表了最激进的一派。
5849	Ángel-Pintado-flat	Durán担任发言人，Ángel Pintado担任财务长。
5852	Fátima-Báñez-flat,决定-立法-compound	联盟最近斗志昂扬，并且在好几个场合下要求废除Fátima Báñez引以为豪的立法决定。
5854	山芋-烫手-compound	另外，政府还需要对付另一个“烫手山芋”。
5855	部长-国防-compound	国防部长允许她暂时继续担任秘书长。
5856	来源-消息-compound	消息来源表示这是“100%属于科斯佩达尔”的。
5858	伯爵-Claret-compound,头衔-贵族-compound	Claret伯爵是政府中唯一一位有贵族头衔的人。
5859	Pedro-Sánchez-flat,项目-Évole-compound	和许多社会主义者一样，Pedro Sánchez在Évole项目中表示西班牙是万民之邦。
5860	权力派-历史-compound,样-怎么-compound	那些历史权力派的党派又怎么样呢？
5863	电影-印第安-compound	在战争片、西部片和印第安电影中，战场、打斗和打人的场景总是不大切合实际。
5864	手法-修辞-compound,演讲-议会-compound	强调、讽刺、暗讽以及其他巧妙的口头修辞手法十分适合议会演讲，但是互相调笑和表演闹剧就不大适合了。
5868	美裔-拉丁-compound,范围-全国-compound	因此，特朗普并不担心拉丁美裔的投票会在全国范围内造成影响。
5869	人数-投票-compound	初期的投票显示这次拉丁美裔美国人投票人数有所增加，但会不会产生影响还未可知。
5870	世界报-西班牙-compound	反对派告诉《西班牙世界报》：“一定会有抗议和其他活动的，这些都已经计划好了。”
5871	广场-维多利亚-compound	许多FSLN的支持者已经在维多利亚广场上庆祝他们的胜利了。
5873	教堂-迈克尔-compound,各样-各种-compound	为了娱乐大众，在1925年建了一个露天剧场在圣·迈克尔教堂前的大台阶上，此剧场现在仍在吸引各种各样的观众。
5874	庆典-节日-compound	节日庆典于1955年4月30日举行。
5875	信号-报警-compound,系统-电报-compound	1882年，一个装有34个消防报警信号的电报系统投入使用。
5876	剧场-木偶-compound	1992年，该区以前木偶剧场的场地剩了下来，现已被演员和员工接管。
5877	大战-世界-compound,战末-大战-compound	这跟在第二次世界大战战末没有被摧毁的市中心少数建筑之一有关。
5878	Georg-Reichenbach-flat	1832年，以前的修道院被符腾堡卖给了制造商乔格·莱辛巴哈（Georg Reichenbach），要求把那儿建成一个棉花厂。
5879	市民-伊斯兰-compound	从20世纪60年代初就定居下来的伊斯兰市民主要来自土耳其。
5880	教堂-修道院-compound	在他们之间的是圣彼得圣保罗修道院教堂的旧回廊。
5881	战争-年-compound	德国Obermarsberg具有历史性的市政厅建于13世纪，并在三十年战争后进行了修补。
5883	公园-金门-compound,花园-日本-compound	超过四千米长的金门公园里有植物园、天文馆、日本花园和水族馆。
5884	旧金山人-当地-compound	它是一个供当地旧金山人休息和放松的地方。
5885	公园-芳草地-compound,The-Yerba-flat,初期-年代-compound,中心-会议-compound	旧金山芳草地公园（The Yerba Buena Garden）建于20世纪90年代初期，位于莫斯克尼北部会议中心的顶部。
5886	Martin-Luther-flat	里面有马丁·路德·金（Martin Luther King, Jr.）的纪念碑。
5888	大选-年-compound	2010年大选中，工党能赢得了所有七个选区的选票。
5889	时间-发生-compound,顺序-发展-compound	人们对事件的发生时间及发展顺序进行了热烈的讨论。
5890	总理-土耳其-compound,计划-政府-compound,运河-伊斯坦堡-compound,海峡-博斯普鲁斯-compound	2012年4月，土耳其总理埃尔多安宣布其政府计划借由建立伊斯坦堡运河来解放与之平行的博斯普鲁斯海峡。
5892	帝国-奥斯曼-compound	奥斯曼帝国和俄国想在黑海保留他们的战舰，但这一想法遭到拒绝。
5893	范围-其-compound	在其范围内，它属于当时影响最深远的文化之一，其中，很多遗址都很有名。
5894	欧-南-compound	就像大多数南欧的地点一样，该研究可追溯到早至公元前5世纪。
5895	时代-红铜-compound,木乃伊-冰人-compound	红铜时代最有名的人可能是生活在公元前3300年的木乃伊冰人奥兹（Ötzi）。
5898	革命-农村-compound,法庭-凡尔赛-compound,议会-国民-compound	农村革命的严重性及出现使凡尔赛法庭和国民议会感到惊恐。
5899	价格-面包-compound	该事件发生在巴黎，它使本来就已经因为面包价格持续高涨及缺少供应而感到失望的人们更加沮丧。
5902	运动会-奥林匹克-compound	我宣布第一届国际奥林匹克运动会到此结束。
5903	大战-世界-compound,政治-殖民-compound	第一次世界大战带来了殖民政治的转变和新发展。
5904	革命-工业-compound,革命-工业-compound	英国的工业革命比其他任何国家的工业革命都早。
5905	危机-运河-compound,力量-旧殖民地-compound,帝国-大英-compound	苏伊士运河危机显示了旧殖民地力量如大英帝国和法国在这个不断变化的世界里的局限。
5907	革命-俄国-compound,诸国-波罗的海-compound	在1917年俄国革命后，一些国家，如芬兰、波兰及波罗的海诸国，赢得了独立。
5908	大选-自由-compound	他对匈牙利施压的最后一个方法是实行自由大选。
5909	协约-妥协-compound,皇帝-奥地利-compound,国王-匈牙利-compound	在1867年签订奥匈妥协协约后，奥地利皇帝兼匈牙利国王弗朗茨·约瑟夫一世非常注重在两国平等实施君主制。
5910	修道院-迪希邦登堡-compound,改革-宗教-compound	迪希邦登堡修道院被解散，后因宗教改革而变为废墟。
5912	战争-年-compound,军队-瑞典-compound	鲁帕斯堡（Rupertsberg）修道院于1632年在三十年战争中被瑞典军队摧毁。
5915	电信-德国-compound,朋友-女-compound,拜登-南-compound	成功后，他跟德国电信签了一份合同，跟女朋友一起住在南拜登的梅尔丁根，一直住到2002年。
5916	冠军-街道赛-compound	2004年雅典奥林匹克运动会街道赛冠军乌尔里希仍在追逐赢得第二块金牌的目标。
5918	报导-当天-compound	衣服上的血迹与谋杀案案发当天报导上的描述一样。
5922	勋章-荣誉-compound	第二年，也就是1977年，由于他的媒体对美国的态度很友好，他收到了美国友谊荣誉勋章。
5923	住房-社会-compound,La-Conte-flat,国家-移民-compound	城市中大部分的社会住房位于Viguier区和La Conte区内，因为这两个区的人口主要由移民或来自移民国家的人组成。
5924	要塞-城堡-compound	卡尔卡松的历史与其城堡要塞直接相关。
5925	人口-居住-compound	在21世界初，每10万居住人口中有5名医生。
5926	组织-特赦-compound,文章-报纸-compound	国际特赦组织表示，根据2008年以来的报纸文章显示，有50个人由于被指控会巫术而被杀害。
5927	大陆-南极-compound	冯·别林斯高晋于1820年1月27日发现了南极大陆，比布兰斯菲尔德发现大陆早了3天，比1820年11月发现大陆的帕尔马早了10个月。
5928	征程-长途-compound,船长-欧内斯特-compound,船员-其-compound,船只-英国-compound	在1914年的长途征程中，船长欧内斯特·沙克尔顿爵士及其船员共28人乘坐英国船只“坚毅号”准备横穿南极。
5929	法-罗马-compound,共和国-罗马-compound	这次拟定为罗马法、罗马共和国的建立以及习惯法建立了基础。
5930	意大利-南-compound,会务-商业-compound	但是，为了参加南意大利的商业会务，皮洛士不得不离开了西西里。
5931	文明-迈锡尼-compound,世纪-中-compound	公元前8世纪，在迈锡尼文明衰亡之后，希腊逐渐从中世纪中崭露头角。
5932	字母表-腓尼基-compound,字母表-希腊-compound	文明已经衰落，迈锡尼的文字也被遗忘，但希腊人沿用了腓尼基字母表，并以此为基础发明了希腊字母表。
5933	文字-希腊-compound	从公元前9世纪，逐渐出现了第一批希腊文字。
5934	条件-地理-compound,城区-自治-compound	很大程度上由于希腊的地理条件（几乎每个岛屿、山谷和平原都被海洋或山脉于外界隔开了），希腊被分成了许多个小型自治城区。
5935	系统-政治-compound,制度-领地-compound	从公元前8世纪开始，城邦制逐渐建立：即拥有自己的政治系统的小型自治领地制度。
5936	世纪-中-compound,基督徒-大部分-compound	在中世纪，大部分基督徒并没有母语版的圣经。
5938	地区-地中海-compound,岗哨-商业-compound,来往-商业-compound	通过在地中海地区遍布商业岗哨的方式建立起了商业来往，这种方法在此之前从未有人用过。
5939	事业-革命-compound	这次事件可以被看作他激进革命事业的起点。
5940	共和历-法国-compound,雨月-年-compound,时期-统治-compound	在法国共和历3年雨月（1794年1月至二月），为了缓解恐怖统治时期的压力，他采取了多种方法来释放嫌疑犯。
5942	公司-德国-compound,危机-财政-compound	尽管作为全球最大的设备和纺织品批发商，这个德国公司还是陷入了财政危机。
5943	时间-大部分-compound	为了彻底从中逃离，Remy一家1947年夏天大部分时间都居住在瑞士。
5944	美洲-南-compound	在他们的回程上，他们抱著住在南美洲的想法，这样能够远离比利时战后的烦事。
5945	春天-年-compound,历险记-丁丁-compound,艺术家-比利时-compound	在1948年春天，带著能把丁丁历险记拍成电影的希望，这位比利时艺术家给华特·迪士尼写了封信，徒劳地寻求他的帮助。
5946	女儿-岁-compound	夏天，Georges和他的妻子回到了瑞士，还带著Germaine的一个朋友的18岁女儿Rosane。
5947	期间-假期-compound,孩子-女-compound,不久-之后-compound	假期期间，他和这个年轻的女孩子发展出了婚外情，之后不久他就承认了。
5950	断层-板块-compound,断层-板块-compound,板块-印度-compound,板块-澳大利亚-compound	这些岛屿位于印澳板块断层上；板块断层是由于印度板块和澳大利亚板块碰撞导致的。
5951	Villa-塞斯托圣乔瓦尼-compound,Villa-Pelucca-flat,马匹-皇家-compound	一项支持这个假设的证据是塞斯托圣乔瓦尼Villa Pelucca中的大量皇家马匹。
5952	东南部-公园-compound,旁边-赛道-compound	1928年，在公园东南部的赛道旁边建了一座90公顷大的高尔夫球场。
5954	法律-梵蒂冈-compound	1969年8月，教皇保罗六世从梵蒂冈法律中移除了死刑，并将其从所有罪行中移除。
5956	内部-地区-compound	这个地区内部起伏突然，不同区域之间没明显的分隔。
5957	加工品-手工-compound	这里有许多史前手工加工品，包括一些不同的纪念碑和石制墓冢。
5958	地区-莫利塞-compound,东部-巴西利卡塔-compound	接著建立了第二个阿普利亚和卡拉布里亚皇家区，同时也包括萨谟奈、部分莫利塞地区和巴西利卡塔东部。
5959	期间-世纪-compound,南部-半岛-compound	13世纪期间，一些作家用阿普利亚来称呼意大利半岛南部。
5961	亨利-一世-flat,爵位-伯爵-compound,意义-象征-compound	亨利一世期间只有少数伯爵爵位存在，而且这些爵位具有很大的象征意义。
5962	大革命-法国-compound,战争-同盟-compound,军官-砲兵-compound	法国大革命之后，在第一次反法同盟战争中，一位年轻的科西嘉砲兵军官崭露头角，他就是拿破仑·波拿巴。
5963	战役-马伦哥-compound	尽管并不能解决冲突，法国在马伦哥战役中的胜利迫使澳大利亚人第二次放弃了意大利。
5964	舰队-维勒讷沃-compound	维勒讷沃舰队的堵塞导致了侵略英伦三岛的计划，另一方面也是因为大陆出现了新的发展。
5965	条约-和平-compound,首相-英国-compound	拿破仑确信，奥斯特利茨的成功能够带来一项全面的和平条约，但是他的希望很快就破灭了：新上任的英国首相格林威尔阁下拒绝所有协议，沙皇亚历山大也一样。
5966	活动-宗教-compound,圣公会-英国-compound	关于宗教活动这方面，菲奥雷洛在英国圣公会内接受教育，并在余生内都是新教的一员。
5968	Goffredo-Petrassi-flat,Bruno-Nicolai-flat,学校-音乐-compound	Goffredo Petrassi的两个学生、Ennio Morricone以及Bruno Nicolai在圣塞西莉亚音乐学校见面了。
5970	原声-电影-compound	Nicolai和艺名为Metti的Morricone在很多电影原声上有所合作；有的作品是他们两个人共同合作完成的。
5971	纠纷-法律-compound	但是，由于他们两人之间非正式的合作导致的法律纠纷，两人之间的友谊出现了破裂。
5972	方法-解决-compound	在他们多次的合作中，并不清楚到底是谁想出了一些风格上的管理解决方法，从而在之后塑造了两位艺术家的风格。
5976	山脉-安第斯-compound,边缘-西部-compound,运动-造山-compound	在安第斯山脉形成之前，南美洲西部边缘已经发生过好几次造山运动。
5977	中心-山脉-compound,Andes-de-flat,地壳-海洋-compound	安第斯山脉中心属于被称作“Andes de tipo andino”的地区，该地区是由于海洋地壳潜没形成的。
5978	不前-停滞-compound,革命-维和-compound	但是，他和利纳雷斯关系的破裂以及革新的停滞不前导致了1879年推翻他的维和革命。
5979	党派-政治-compound	在他的管理下，女性获得了投票权，政治党派得到了合法化，被流放的人得以归家，政治迫害犯也被释放了。
5981	灯塔-地标-compound,Punta-Rasa-flat,灯塔-地标-compound	它是从第二边界到外边界之间的部分，想像中的那条线链接著埃斯特角的地标灯塔和Punta Rasa的地标灯塔。
5982	军队-英国-compound,北部-纽约州-compound	在1777年十月，当约翰·伯戈因将军指挥的英国军队在纽约州北部的萨拉托加投降时，事情就已经开始发生变化了。
5984	Joseph-Brant-flat	Joseph Brant带领的来自加拿大的印第安人到达了；殖民者征收了越来越多的属于他们的土地，所以他们赶来支持英国人。
5986	附近-哈德逊河-compound	但是，他们被拦截了，所以不得不在哈德逊河附近的Freeman进行战斗。
5987	时代-黄金-compound,西班牙语-现代-compound,西班牙语-世纪-compound,西班牙语-现代-compound,语言-变种-compound	黄金时代的西班牙语和早期现代西班牙语是从中世纪西班牙语向现代西班牙语转型的变种语言。
5988	使用者-西班牙语-compound,变迁-历史-compound,运用-社会-compound	另一方面，外部的历史包括西班牙语使用者的历史、他们的历史变迁和复兴以及西班牙语的社会运用。
5989	路易-十世-flat,菲利普-五世-flat,卡洛斯-四世-flat,顺位-继承-compound	但是，如果英国法被接受的话，路易十世、菲利普五世、卡洛斯四世的女儿们的继承顺位，就比她们的姨妈法兰西的伊莎贝拉的更靠前了。
5990	春天-年-compound	追求和平的尝试在1415年春天告终，安立奎决定实施他的计划：侵略整个法国。
5991	条约-商业-compound	他也讨论了布宜诺斯艾利斯的联邦化、商业条约的延续以及任命军队的新将军的事宜。
5992	公司-唱片-compound,心-我-compound	1976年，他碰到了他的一位朋友，Kiki Dee，她和火箭唱片公司正在合作，也正是这家公司发行了他另一首极为成功的歌曲：《勿伤我心》。
5996	敌人-政治-compound	但是，当参议院确凿无疑地回答了他，禁止他参加领事的角逐，并让他选择要么撤回军队要么成为人民共同的敌人时，他就明白了不管他怎么选择，他都将手无寸铁地向自己的政治敌人投降。
5997	总督-地方-compound,关系-友谊-compound	公元前49年1月1日，马克·安东尼宣布了一封来自凯撒的宣言，其中表示地方总督宣布和他建立和平的友谊关系。
