id	affixes	text	en_wikicut.bpe_10000.txt	en_wikicut.bpe_30000.txt	en_wikicut.bpe_60000.txt	en_wikicut.bpe_90000.txt
1	-ar,-ary,-ed,-er,-es,-ics,-ism,-ium,Sino-,al-,an-,con-,in-,to-	Diogenes of Sinope and the Cynics as well as their contemporary Zeno of Citium, the founder of Stoicism, also introduced similar topics.	▁Di ogen es ▁of▁S in ope ▁and▁the ▁C yn ics ▁as▁well▁as▁the ir ▁contemporary ▁Z en o ▁of▁C it ium , ▁the ▁found er▁of ▁St o ic ism , ▁also ▁introduced ▁similar ▁top ics .	▁Di ogen es ▁of▁S in ope ▁and▁the ▁C yn ics ▁as▁well▁as▁the ir ▁contemporary ▁Z eno ▁of▁C it ium , ▁the ▁founder▁of ▁St o icism , ▁also ▁introduced ▁similar ▁topics .	▁Di ogen es ▁of▁S in ope ▁and▁the▁C yn ics ▁as▁well▁as▁the ir ▁contemporary ▁Z eno ▁of▁C it ium , ▁the ▁founder▁of ▁Sto icism , ▁also ▁introduced ▁similar ▁topics .	▁Di ogenes ▁of▁S in ope ▁and▁the▁C yn ics ▁as▁well▁as▁the ir ▁contemporary ▁Z eno ▁of▁C it ium , ▁the▁founder▁of ▁Sto icism , ▁also ▁introduced ▁similar ▁topics .
2	-ad,-age,-ar,-ed,-ing,-ish,-ist,-st,ab-,ag-,ana-,ent-,ter-	"The term ""anarchist"" first entered the English language in 1642 during the English Civil War as a term of abuse, used by Royalists against their Roundhead opponents."	"▁The ▁term ▁"" an arch ist "" ▁first ▁entered▁the ▁English ▁language ▁in ▁16 4 2 ▁during▁the ▁English ▁Civil▁War ▁as▁a ▁term ▁of ▁ab use , ▁used▁by ▁Royal ists ▁against ▁their ▁Round head ▁opp onents ."	"▁The▁term ▁"" an arch ist "" ▁first ▁entered▁the ▁English ▁language ▁in ▁164 2 ▁during▁the ▁English ▁Civil▁War ▁as▁a ▁term ▁of ▁abuse , ▁used▁by ▁Royal ists ▁against ▁their ▁Round head ▁opponents ."	"▁The▁term ▁"" an arch ist "" ▁first ▁entered▁the ▁English ▁language ▁in ▁164 2 ▁during▁the ▁English ▁Civil▁War ▁as▁a ▁term▁of ▁abuse , ▁used▁by ▁Royal ists ▁against▁their ▁Round head ▁opponents ."	"▁The▁term ▁"" an archist "" ▁first ▁entered▁the ▁English ▁language ▁in ▁164 2 ▁during▁the ▁English ▁Civil▁War ▁as▁a ▁term▁of ▁abuse , ▁used▁by ▁Royal ists ▁against▁their ▁Round head ▁opponents ."
3	-ad,-ation,-ative,-ial,-ish,-ism,-ry,-st,-th,ana-,cent-,con-,in-	"By the turn of the 19th century, the English word ""anarchism"" had lost its initial negative connotation."	"▁By▁the ▁turn ▁of▁the ▁19 th▁century , ▁the ▁English ▁word ▁"" an arch ism "" ▁had ▁lost ▁its ▁initial ▁negative ▁con not ation ."	"▁By▁the ▁turn▁of▁the ▁19 th▁century , ▁the▁English ▁word ▁"" an arch ism "" ▁had ▁lost ▁its ▁initial ▁negative ▁con not ation ."	"▁By▁the ▁turn▁of▁the ▁19 th▁century , ▁the▁English ▁word ▁"" an arch ism "" ▁had ▁lost▁its ▁initial ▁negative ▁connot ation ."	"▁By▁the ▁turn▁of▁the ▁19 th▁century , ▁the▁English ▁word ▁"" an arch ism "" ▁had ▁lost▁its ▁initial ▁negative ▁connot ation ."
4	-al,-ate,-ed,-en,-er,-id,-ile,-in,-ing,-ism,-ist,-ive,-kin,-ly,-ped,-st,an-,ana-,at-,con-,de-,di-,eco-,for-	"According to Peter Kropotkin, Godwin was ""the first to formulate the political and economical conceptions of anarchism, even though he did not give that name to the ideas developed in his work"" while Godwin attached his anarchist ideas to an early Edmund Burke."	"▁According▁to ▁Peter ▁K rop ot kin , ▁God win ▁was ▁"" the ▁first ▁to▁form ul ate▁the ▁political ▁and ▁econom ical ▁concept ion s▁of ▁an arch ism , ▁even ▁though ▁he ▁did▁not ▁give ▁that ▁name ▁to▁the ▁ideas ▁develop ed▁in ▁his ▁work "" ▁while ▁God win ▁attached ▁his ▁an arch ist ▁ideas ▁to▁an ▁early ▁Ed mund ▁Bur ke ."	"▁According▁to ▁Peter ▁K rop ot kin , ▁God win ▁was ▁"" the▁first ▁to▁form ul ate▁the ▁political ▁and ▁econom ical ▁concept ions▁of ▁anarch ism , ▁even▁though ▁he▁did▁not ▁give ▁that ▁name ▁to▁the ▁ideas ▁develop ed▁in▁his ▁work "" ▁while ▁God win ▁attached ▁his ▁anarch ist ▁ideas ▁to▁an ▁early ▁Edmund ▁Burke ."	"▁According▁to ▁Peter ▁K rop ot kin , ▁Godwin ▁was ▁"" the▁first ▁to▁form ul ate▁the ▁political▁and ▁economical ▁concept ions▁of ▁anarch ism , ▁even▁though ▁he▁did▁not ▁give ▁that ▁name▁to▁the ▁ideas ▁develop ed▁in▁his ▁work "" ▁while ▁Godwin ▁attached ▁his ▁anarchist ▁ideas ▁to▁an ▁early ▁Edmund ▁Burke ."	"▁According▁to ▁Peter ▁K rop ot kin , ▁Godwin ▁was ▁"" the▁first ▁to▁form ul ate▁the ▁political▁and ▁economical ▁concept ions▁of ▁anarch ism , ▁even▁though ▁he▁did▁not ▁give ▁that ▁name▁to▁the ▁ideas ▁develop ed▁in▁his ▁work "" ▁while ▁Godwin ▁attached ▁his ▁anarchist ▁ideas ▁to▁an ▁early ▁Edmund ▁Burke ."
5	-ed,-er,-ess,-ful,-ment,-or,-tion,ad-,re-	Rather, he advocated for its replacement through a process of peaceful evolution.	▁R ather , ▁he ▁advoc ated ▁for▁its ▁replacement ▁through▁a ▁process▁of ▁peace ful ▁evolution .	▁Rather , ▁he ▁advocated ▁for▁its ▁replacement ▁through▁a ▁process▁of ▁peaceful ▁evolution .	▁Rather , ▁he ▁advocated ▁for▁its ▁replacement ▁through▁a ▁process▁of ▁peaceful ▁evolution .	▁Rather , ▁he ▁advocated ▁for▁its ▁replacement ▁through▁a ▁process▁of ▁peaceful ▁evolution .
6	-al,-ed,-in,-ist,ana-,in-	"In Spain, Ramón de la Sagra established the anarchist journal ""El Porvenir"" in La Coruña in 1845 which was inspired by Proudhon's ideas."	"▁In ▁Spain , ▁Ram ón ▁de▁la ▁S ag ra ▁established ▁the ▁an arch ist ▁journal ▁"" El ▁P or ven ir "" ▁in ▁La ▁Cor u ñ a▁in ▁184 5 ▁which▁was ▁inspired ▁by ▁Pro ud h on ' s ▁ideas ."	"▁In ▁Spain , ▁Ram ón ▁de▁la ▁Sag ra ▁established▁the ▁anarch ist ▁journal ▁"" El ▁Por ven ir "" ▁in ▁La ▁Cor u ñ a▁in ▁184 5 ▁which▁was ▁inspired▁by ▁Pro udh on ' s ▁ideas ."	"▁In ▁Spain , ▁Ramón ▁de▁la ▁Sag ra ▁established▁the ▁anarchist ▁journal ▁"" El ▁Por venir "" ▁in▁La ▁Cor u ñ a▁in ▁1845 ▁which▁was ▁inspired▁by ▁Pro udh on ' s▁ideas ."	"▁In ▁Spain , ▁Ramón ▁de▁la ▁Sag ra ▁established▁the ▁anarchist ▁journal ▁"" El ▁Por venir "" ▁in▁La ▁Cor u ñ a▁in ▁1845 ▁which▁was ▁inspired▁by ▁Pro udh on ' s▁ideas ."
7	-al,-er,-ing,-ure,an-,be-	Marx became a leading figure in the International and a member of its General Council.	▁Mar x ▁became▁a ▁leading ▁figure ▁in▁the ▁International ▁and▁a ▁member ▁of▁its ▁General ▁Council .	▁Marx ▁became▁a ▁leading ▁figure ▁in▁the ▁International ▁and▁a ▁member ▁of▁its ▁General ▁Council .	▁Marx ▁became▁a ▁leading ▁figure▁in▁the ▁International ▁and▁a ▁member ▁of▁its ▁General ▁Council .	▁Marx ▁became▁a ▁leading ▁figure▁in▁the ▁International ▁and▁a ▁member ▁of▁its ▁General ▁Council .
8	-al,-arian,-ate,-ee,-eous,-ing,-ity,-ization,-st,-th,an-,ana-,anti-,aut-,pre-,re-	"The anti-authoritarian sections of the First International were the precursors of the anarcho-syndicalists, seeking to ""replace the privilege and authority of the State"" with the ""free and spontaneous organization of labour""."	"▁The ▁anti - a uthor it arian ▁section s▁of▁the ▁First ▁International ▁were▁the ▁prec urs ors ▁of▁the ▁an arch o - sy nd ical ists , ▁seek ing▁to ▁"" re place ▁the ▁priv ile ge ▁and▁a uthor ity▁of▁the ▁State "" ▁with▁the ▁"" f ree ▁and ▁sp ont ane ous ▁organiz ation▁of ▁lab our ""."	"▁The ▁anti - author itarian ▁sections▁of▁the ▁First ▁International ▁were▁the ▁precurs ors▁of▁the ▁anarch o - sy nd ical ists , ▁seeking▁to ▁"" re place ▁the ▁privile ge ▁and▁author ity▁of▁the ▁State "" ▁with▁the ▁"" free ▁and ▁spont aneous ▁organiz ation▁of ▁labour ""."	"▁The ▁anti - author itarian ▁sections▁of▁the ▁First ▁International ▁were▁the ▁precurs ors▁of▁the ▁anarch o - sy nd ical ists , ▁seeking▁to ▁"" re place ▁the ▁privilege ▁and▁author ity▁of▁the ▁State "" ▁with▁the ▁"" free ▁and ▁spontaneous ▁organization▁of ▁labour ""."	"▁The ▁anti - author itarian ▁sections▁of▁the ▁First ▁International ▁were▁the ▁precurs ors▁of▁the ▁anarch o - sy nd ical ists , ▁seeking▁to ▁"" re place ▁the ▁privilege ▁and▁author ity▁of▁the ▁State "" ▁with▁the ▁"" free ▁and ▁spontaneous ▁organization▁of ▁labour ""."
9	-al,-ed,-ent,-es,acro-,gen-,pre-,re-,uni-	In response, unions across the United States prepared a general strike in support of the event.	▁In ▁response , ▁un ions ▁across▁the ▁United▁States ▁prepared ▁a ▁general ▁strike ▁in ▁support ▁of▁the ▁event .	▁In▁response , ▁unions ▁across▁the ▁United▁States ▁prepared ▁a ▁general ▁strike ▁in▁support ▁of▁the ▁event .	▁In▁response , ▁unions ▁across▁the ▁United▁States ▁prepared ▁a▁general ▁strike ▁in▁support ▁of▁the▁event .	▁In▁response , ▁unions ▁across▁the ▁United▁States ▁prepared ▁a▁general ▁strike ▁in▁support ▁of▁the▁event .
10	-ed,-er,-ic,-ing,an-,en-	In the ensuing panic, police opened fire on the crowd and each other.	▁In▁the ▁ens u ing ▁pan ic , ▁police ▁opened ▁fire ▁on▁the ▁crowd ▁and ▁each▁other .	▁In▁the ▁ensuing ▁pan ic , ▁police ▁opened ▁fire ▁on▁the ▁crowd ▁and ▁each▁other .	▁In▁the ▁ensuing ▁panic , ▁police ▁opened▁fire ▁on▁the ▁crowd ▁and ▁each▁other .	▁In▁the▁ensuing ▁panic , ▁police ▁opened▁fire ▁on▁the ▁crowd ▁and ▁each▁other .
11	-ed,-en,-st,an-,off-	Seven police officers and at least four workers were killed.	▁Seven ▁police ▁offic ers▁and ▁at▁least ▁four ▁work ers▁were ▁killed .	▁Seven ▁police ▁officers▁and ▁at▁least ▁four ▁work ers▁were ▁killed .	▁Seven ▁police ▁officers▁and ▁at▁least ▁four ▁workers▁were ▁killed .	▁Seven ▁police ▁officers▁and ▁at▁least▁four ▁workers▁were ▁killed .
12	-ary,-ate,-ent,-er,-es,-ial,-id,-ile,-ism,-ment,-tion,-ular,an-,con-,di-,dis-,is-,par-,re-,syn-	Malatesta and Monatte were in particular disagreement themselves on this issue as the latter thought that syndicalism was revolutionary and would create the conditions of a social revolution while Malatesta did not consider syndicalism by itself sufficient.	▁Mal at est a▁and ▁Mon at te ▁were ▁in ▁particular ▁dis agre ement ▁themselves ▁on ▁this ▁issue ▁as▁the ▁latter ▁thought ▁that ▁synd ical ism ▁was ▁revolution ary ▁and ▁would ▁cre ate▁the ▁condition s▁of ▁a▁s ocial ▁revolution ▁while ▁Mal at est a ▁did▁not ▁consider ▁synd ical ism ▁by ▁itself ▁sufficient .	▁Mal at est a▁and ▁Mon at te ▁were ▁in▁particular ▁disagre ement ▁themselves ▁on▁this ▁issue ▁as▁the ▁latter ▁thought▁that ▁synd ical ism ▁was ▁revolutionary ▁and▁would ▁create▁the ▁condition s▁of ▁a▁s ocial ▁revolution ▁while ▁Mal at esta ▁did▁not ▁consider ▁synd ical ism ▁by ▁itself ▁sufficient .	▁Mal at est a▁and ▁Mon at te ▁were ▁in▁particular ▁disagreement ▁themselves ▁on▁this ▁issue ▁as▁the ▁latter ▁thought▁that ▁synd ical ism ▁was ▁revolutionary ▁and▁would ▁create▁the ▁conditions▁of ▁a▁social ▁revolution ▁while ▁Mal at esta ▁did▁not ▁consider ▁synd ical ism ▁by ▁itself ▁sufficient .	▁Mal at est a▁and ▁Mon at te ▁were ▁in▁particular ▁disagreement ▁themselves ▁on▁this ▁issue ▁as▁the ▁latter ▁thought▁that ▁synd ical ism▁was ▁revolutionary ▁and▁would ▁create▁the ▁conditions▁of ▁a▁social ▁revolution ▁while ▁Mal at esta ▁did▁not ▁consider ▁synd ical ism ▁by▁itself ▁sufficient .
13	-ade,-al,-ative,-en,-er,-ing,-ion,-ist,-ly,-ment,-on,an-,anti-,con-,off-,re-,uni-	He thought that the trade union movement was reformist and even conservative, citing as essentially bourgeois and anti-worker the phenomenon of professional union officials.	▁He ▁thought ▁that▁the ▁trade ▁union ▁movement ▁was ▁reform ist▁and ▁even ▁conservative , ▁cit ing ▁as ▁ess entially ▁b our ge ois ▁and ▁anti - work er ▁the▁p hen omen on ▁of ▁professional ▁union ▁officials .	▁He ▁thought ▁that▁the ▁trade▁union ▁movement ▁was ▁reform ist▁and ▁even ▁conservative , ▁cit ing▁as ▁essentially ▁b our geois ▁and ▁anti - work er ▁the▁p hen omen on ▁of ▁professional ▁union ▁officials .	▁He ▁thought ▁that▁the ▁trade▁union ▁movement ▁was ▁reform ist▁and ▁even ▁conservative , ▁cit ing▁as ▁essentially ▁bourgeois ▁and▁anti - work er ▁the▁p henomenon ▁of ▁professional ▁union ▁officials .	▁He ▁thought ▁that▁the ▁trade▁union ▁movement ▁was ▁reform ist▁and ▁even ▁conservative , ▁cit ing▁as ▁essentially ▁bourgeois ▁and▁anti - worker ▁the▁p henomenon ▁of ▁professional ▁union ▁officials .
14	-ing,-ion,-ist,-ment,an-,dis-,in-	The dismemberment of the French socialist movement into many groups and — following the suppression of the 1871 — Paris	▁The ▁dis m ember ment ▁of▁the ▁French ▁social ist ▁movement ▁into ▁many ▁group s▁and ▁— ▁following▁the ▁sup press ion▁of▁the ▁187 1 ▁— ▁Paris	▁The ▁dism ember ment▁of▁the ▁French ▁socialist ▁movement ▁into ▁many ▁groups▁and ▁— ▁following▁the ▁suppress ion▁of▁the ▁1871 ▁— ▁Paris	▁The ▁dism ember ment▁of▁the ▁French ▁socialist ▁movement ▁into ▁many ▁groups▁and ▁— ▁following▁the ▁suppress ion▁of▁the ▁1871 ▁— ▁Paris	▁The ▁dismember ment▁of▁the ▁French ▁socialist ▁movement ▁into ▁many ▁groups▁and ▁— ▁following▁the ▁suppress ion▁of▁the ▁1871 ▁— ▁Paris
15	-ed,-es,-ia,-ist,-ly,-st,col-,com-,de-	Not just in Catalonia — the communist armies mainly destroyed the collectives elsewhere.	▁Not ▁just ▁in▁C atal onia ▁— ▁the ▁commun ist ▁arm ies ▁mainly ▁destroy ed▁the ▁collect ives ▁ els ewhere .	▁Not ▁just ▁in▁C atal onia ▁— ▁the ▁communist ▁armies ▁mainly ▁destroyed▁the ▁collect ives ▁elsewhere .	▁Not ▁just ▁in▁C atalonia ▁— ▁the ▁communist ▁armies ▁mainly ▁destroyed▁the ▁collect ives ▁elsewhere .	▁Not ▁just ▁in▁C atalonia ▁— ▁the ▁communist ▁armies ▁mainly ▁destroyed▁the ▁collect ives ▁elsewhere .
16	-ad,-ed,-en,-ent,-ian,-in,-ish,-ist,-st,-th,-ty,ag-,ana-,in-	The prominent Italian anarchist Camillo Berneri, who volunteered to fight against Francisco Franco was killed instead in Spain by gunmen associated with the Spanish Communist Party.	▁The ▁prominent ▁Italian ▁an arch ist ▁Cam illo ▁Bern er i , ▁who ▁volunte er ed▁to ▁fight ▁against ▁Francisco ▁Fran co ▁was ▁kill ed▁in stead ▁in ▁Spain ▁by ▁gun men ▁associated ▁with▁the ▁Spanish ▁Communist ▁Party .	▁The ▁prominent ▁Italian ▁anarch ist ▁Cam illo ▁Bern eri , ▁who ▁volunteer ed▁to ▁fight ▁against ▁Francisco ▁Franco ▁was▁kill ed▁in stead ▁in▁Spain ▁by ▁gun men ▁associated ▁with▁the ▁Spanish ▁Communist▁Party .	▁The ▁prominent ▁Italian ▁anarchist ▁Cam illo ▁Bern eri , ▁who ▁volunteer ed▁to ▁fight▁against ▁Francisco ▁Franco ▁was▁kill ed▁instead ▁in▁Spain ▁by ▁gun men ▁associated ▁with▁the ▁Spanish ▁Communist▁Party .	▁The ▁prominent ▁Italian ▁anarchist ▁Cam illo ▁Bern eri , ▁who ▁volunteered▁to ▁fight▁against ▁Francisco ▁Franco ▁was▁kill ed▁instead ▁in▁Spain ▁by ▁gunmen ▁associated ▁with▁the ▁Spanish ▁Communist▁Party .
17	-arian,-ation,-ed,-ine,-ist,re-	In 1955, the Anarcho- Communist Federation of Argentina renamed itself as the Argentine Libertarian Federation.	▁In ▁195 5, ▁the ▁An arch o - ▁Communist ▁Feder ation▁of ▁Argentina ▁renamed ▁itself ▁as▁the ▁Argent ine ▁Liber t arian ▁Federation .	▁In ▁1955, ▁the ▁An arch o - ▁Communist ▁Federation▁of ▁Argentina ▁renamed ▁itself ▁as▁the ▁Argentine ▁Libert arian ▁Federation .	▁In ▁1955, ▁the ▁An arch o - ▁Communist ▁Federation▁of ▁Argentina ▁renamed ▁itself ▁as▁the ▁Argentine ▁Libertarian ▁Federation .	▁In ▁1955, ▁the ▁An arch o - ▁Communist ▁Federation▁of ▁Argentina ▁renamed ▁itself ▁as▁the ▁Argentine ▁Libertarian ▁Federation .
18	-al,-ed,-er,-es,-ese,-et,-ics,-ity,-less,-ous,-ture,ac-,af-,an-,ano-,dec-,in-,inter-,pre-	These actions were precipitated by ad hoc, leaderless, anonymous cadres known as black blocs — other organisational tactics pioneered in this time include security culture, affinity groups and the use of decentralised technologies such as the internet.	▁These ▁action s▁were ▁prec ip it ated▁by ▁ad ▁h oc , ▁leader less , ▁an onym ous ▁c ad res ▁known▁as ▁black ▁bl oc s ▁— ▁other ▁organis ational ▁tact ics ▁pione er ed▁in ▁this▁time ▁include ▁security ▁culture , ▁aff inity ▁groups ▁and▁the ▁use▁of ▁dec ent ral ised ▁techn ologies ▁such▁as▁the ▁in ternet .	▁These ▁action s▁were ▁precip it ated▁by ▁ad ▁h oc , ▁leader less , ▁anonymous ▁cad res ▁known▁as ▁black ▁bl oc s ▁— ▁other ▁organis ational ▁tactics ▁pioneer ed▁in ▁this▁time ▁include ▁security ▁culture , ▁aff inity ▁groups ▁and▁the ▁use▁of ▁dec entral ised ▁technologies ▁such▁as▁the ▁internet .	▁These ▁action s▁were ▁precipit ated▁by ▁ad ▁hoc , ▁leader less , ▁anonymous ▁cad res ▁known▁as ▁black ▁bloc s ▁— ▁other ▁organis ational ▁tactics ▁pioneer ed▁in ▁this▁time ▁include ▁security ▁culture , ▁affinity ▁groups ▁and▁the▁use▁of ▁decentral ised ▁technologies ▁such▁as▁the ▁internet .	▁These ▁action s▁were ▁precipit ated▁by ▁ad▁hoc , ▁leader less , ▁anonymous ▁cadres ▁known▁as ▁black ▁bloc s ▁— ▁other ▁organisational ▁tactics ▁pioneer ed▁in ▁this▁time ▁include ▁security ▁culture , ▁affinity ▁groups ▁and▁the▁use▁of ▁decentral ised ▁technologies ▁such▁as▁the ▁internet .
19	-ad,-al,-an,-arch,-ate,-ation,-cracy,-cratic,-ed,-es,-ing,-ism,-ling,-ment,-on,an-,at-,de-,in-,is-,up-,with-	"In March 2005, he issued his ""Declaration of Democratic Confederalism in Kurdistan"", calling upon citizens ""to stop attacking the government and instead create municipal assemblies, which he called 'democracy without the state'""."	"▁In▁March ▁2005, ▁he ▁issu ed▁his ▁"" D ec lar ation▁of ▁Democratic ▁Conf ederal ism ▁in▁K urd istan "", ▁call ing ▁upon ▁citizens ▁"" to ▁stop ▁attack ing▁the ▁government ▁and ▁instead ▁create ▁municipal ▁ass embl ies , ▁which▁he ▁called ▁' d em ocracy ▁without ▁the ▁state ' ""."	"▁In▁March ▁2005, ▁he ▁issu ed▁his ▁"" D ec lar ation▁of ▁Democratic ▁Conf ederal ism ▁in▁K urd istan "", ▁calling ▁upon ▁citizens ▁"" to ▁stop ▁attack ing▁the ▁government ▁and▁instead ▁create ▁municipal ▁assembl ies , ▁which▁he ▁called ▁' dem ocracy ▁without ▁the▁state ' ""."	"▁In▁March ▁2005, ▁he ▁issu ed▁his ▁"" Dec lar ation▁of ▁Democratic ▁Conf ederal ism ▁in▁K urd istan "", ▁calling ▁upon ▁citizens ▁"" to ▁stop ▁attacking▁the ▁government ▁and▁instead ▁create ▁municipal ▁assemblies , ▁which▁he ▁called ▁' dem ocracy ▁without ▁the▁state ' ""."	"▁In▁March ▁2005, ▁he ▁issu ed▁his ▁"" Dec lar ation▁of ▁Democratic ▁Conf ederal ism ▁in▁K urd istan "", ▁calling ▁upon ▁citizens ▁"" to ▁stop ▁attacking▁the ▁government ▁and▁instead ▁create ▁municipal ▁assemblies , ▁which▁he ▁called ▁' democracy ▁without ▁the▁state '""."
20	-al,-ate,-ative,-er,-es,-ial,-ile,-ing,-ise,-ism,-ist,-ity,-ive,-ment,-ol,-ose,-tion,-ty,ac-,an-,ana-,con-,em-,ent-,ful-,ind-,on-,ov-,re-	"The individualist wing of anarchism emphasises negative liberty, i.e. opposition to state or social control over the individual, while those in the social wing emphasise positive liberty to achieve one's potential and argue that humans have needs that society ought to fulfil, ""recognising equality of entitlement""."	"▁The ▁individual ist ▁w ing▁of ▁an arch ism ▁emphas ises ▁negative ▁liber ty , ▁i . e . ▁opposition ▁to ▁state ▁or ▁social ▁control ▁over▁the ▁individual , ▁while ▁those ▁in▁the ▁social ▁wing ▁emphas ise ▁positive ▁liber ty ▁to▁a chieve ▁one ' s ▁potential ▁and ▁arg ue ▁that ▁humans ▁have ▁need s▁that ▁society ▁o ugh t ▁to ▁f ulf il ,▁"" rec ogn ising ▁equ ality ▁of ▁entit lement ""."	"▁The ▁individual ist ▁w ing▁of ▁anarch ism ▁emphas ises ▁negative ▁liberty , ▁i . e . ▁opposition▁to ▁state ▁or ▁social ▁control ▁over▁the ▁individual , ▁while ▁those ▁in▁the ▁social ▁wing ▁emphas ise ▁positive ▁liberty ▁to▁achieve ▁one ' s ▁potential ▁and ▁argue ▁that ▁humans ▁have ▁need s▁that ▁society ▁o ught ▁to ▁fulf il ,▁"" rec ogn ising ▁equality ▁of ▁entit lement ""."	"▁The ▁individual ist ▁w ing▁of ▁anarch ism ▁emphas ises ▁negative ▁liberty , ▁i . e . ▁opposition▁to ▁state ▁or ▁social ▁control ▁over▁the ▁individual , ▁while ▁those ▁in▁the ▁social ▁wing ▁emphas ise ▁positive ▁liberty ▁to▁achieve ▁one ' s ▁potential ▁and ▁argue▁that ▁humans ▁have ▁need s▁that ▁society ▁ought ▁to ▁fulfil ,▁"" recogn ising ▁equality ▁of ▁entit lement ""."	"▁The▁individual ist ▁wing▁of ▁anarch ism ▁emphas ises ▁negative ▁liberty , ▁i . e . ▁opposition▁to ▁state▁or ▁social ▁control ▁over▁the ▁individual , ▁while ▁those▁in▁the ▁social ▁wing ▁emphas ise ▁positive ▁liberty ▁to▁achieve ▁one ' s▁potential ▁and ▁argue▁that ▁humans ▁have ▁need s▁that ▁society ▁ought ▁to ▁fulfil ,▁"" recogn ising ▁equality ▁of ▁entit lement ""."
21	-al,-ance,-ate,-ative,-cy,-es,-fic,-ing,-ism,-ist,-tion,ac-,ana-,em-,im-,re-,with-	Beyond the specific factions of anarchist thought is philosophical anarchism, which embodies the theoretical stance that the state lacks moral legitimacy without accepting the imperative of revolution to eliminate it.	▁Be yond ▁the ▁specific ▁f action s▁of ▁an arch ist ▁thought ▁is ▁philosoph ical ▁an arch ism , ▁which ▁emb od ies ▁the ▁the oret ical ▁st ance ▁that▁the ▁state ▁lack s ▁m oral ▁leg it im acy ▁without ▁accept ing▁the ▁im per ative ▁of ▁revolution ▁to ▁elimin ate ▁it .	▁Beyond ▁the ▁specific ▁faction s▁of ▁anarch ist ▁thought ▁is ▁philosophical ▁anarch ism , ▁which ▁emb odies ▁the ▁theoretical ▁stance ▁that▁the ▁state ▁lack s ▁moral ▁legitim acy ▁without ▁accept ing▁the ▁imper ative ▁of ▁revolution ▁to ▁eliminate ▁it .	▁Beyond ▁the ▁specific ▁faction s▁of ▁anarchist ▁thought ▁is ▁philosophical ▁anarch ism , ▁which ▁emb odies ▁the ▁theoretical ▁stance ▁that▁the ▁state ▁lacks ▁moral ▁legitimacy ▁without ▁accept ing▁the ▁imperative ▁of ▁revolution ▁to ▁eliminate ▁it .	▁Beyond ▁the▁specific ▁faction s▁of ▁anarchist ▁thought ▁is ▁philosophical ▁anarch ism , ▁which ▁embodies ▁the ▁theoretical ▁stance ▁that▁the ▁state ▁lacks ▁moral ▁legitimacy ▁without ▁accepting▁the ▁imperative ▁of ▁revolution ▁to▁eliminate ▁it .
22	-al,-ance,-ed,-en,-es,-on,an-,be-,dis-	Proudhon distinguished between ideal political possibilities and practical governance.	▁Pro ud h on ▁distinguished ▁between ▁ideal ▁political ▁poss ib ilities ▁and ▁pract ical ▁govern ance .	▁Pro udh on ▁distinguished ▁between ▁ideal ▁political ▁possibilities ▁and ▁practical ▁governance .	▁Pro udh on ▁distinguished ▁between ▁ideal ▁political ▁possibilities ▁and ▁practical ▁governance .	▁Pro udh on ▁distinguished ▁between ▁ideal ▁political ▁possibilities ▁and▁practical ▁governance .
23	-est,-ism,-ol,ana-	It is the largest school of thought in anarchism.	▁It▁is▁the ▁largest ▁school ▁of ▁thought ▁in▁an arch ism .	▁It▁is▁the ▁largest ▁school▁of ▁thought ▁in▁an arch ism .	▁It▁is▁the ▁largest ▁school▁of ▁thought ▁in▁an arch ism .	▁It▁is▁the ▁largest ▁school▁of ▁thought ▁in▁an arch ism .
24	-al,-ate,-ation,-es,-ial,-id,-ile,-ing,-ism,-ity,-or,-ty,an-,ana-,co-,em-,in-,re-	Social anarchism rejects private property, seeing it as a source of social inequality (while retaining respect for personal property) and emphasises cooperation and [[mutual aid (organizatio n) | mutual aid]].	▁Social ▁an arch ism ▁reject s ▁private ▁property , ▁see ing▁it ▁as▁a ▁source ▁of ▁social ▁in equ ality ▁( while ▁retain ing ▁respect ▁for ▁personal ▁property ) ▁and ▁emphas ises ▁cooper ation▁and ▁[ [ m ut ual ▁aid ▁( organ iz at io ▁n ) ▁| ▁mut ual ▁aid ] ] .	▁Social ▁anarch ism ▁reject s ▁private ▁property , ▁see ing▁it ▁as▁a ▁source▁of ▁social ▁in equality ▁( while ▁retain ing ▁respect ▁for ▁personal ▁property ) ▁and ▁emphas ises ▁cooper ation▁and ▁[[ mut ual ▁aid ▁( organ iz at io ▁n ) ▁| ▁mutual ▁aid ]] .	▁Social ▁anarch ism ▁reject s▁private ▁property , ▁see ing▁it ▁as▁a ▁source▁of ▁social ▁inequality ▁( while ▁retaining ▁respect▁for ▁personal ▁property ) ▁and ▁emphas ises ▁cooper ation▁and ▁[[ mut ual ▁aid ▁( organ iz atio ▁n ) ▁| ▁mutual ▁aid ]].	▁Social ▁anarch ism ▁reject s▁private ▁property , ▁see ing▁it▁as▁a ▁source▁of ▁social ▁inequality ▁( while ▁retaining ▁respect▁for ▁personal ▁property ) ▁and ▁emphas ises ▁cooper ation▁and ▁[[ mut ual ▁aid ▁( organ iz atio ▁n )▁| ▁mutual ▁aid ]].
25	-ar,-ary,-ed,-ence,-er,-es,-et,-gon,-ia,-ic,-in,-ing,-ion,-ish,-ism,-ist,-on,-st,-tion,-ty,Franco-,an-,ana-,be-,co-,com-,eco-,ex-,for-,in-,par-,re-,with-	Through the efforts and influence of the [[Anarchism in Spain | Spanish anarchists]] during the Spanish Revolution within the Spanish Civil War, starting in 1936 anarchist communism existed in most of Aragon, parts of the Levante and Andalusia as well as in the stronghold of [[Revolutionary Catalonia | anarchist Catalonia]] before being crushed by the combined forces of the [[Francoist Spain | regime that won the war]], Hitler, Mussolini, Communist Party of Spain repression (backed by the Soviet Union) as well as economic and armaments blockades from the capitalist countries and the Spanish Republic itself.	▁Through ▁the ▁effort s▁and ▁influence ▁of▁the ▁[ [ An arch ism ▁in ▁Spain ▁| ▁Spanish ▁an arch ists ] ] ▁during▁the ▁Spanish ▁Revolution ▁within▁the ▁Spanish ▁Civil▁War , ▁start ing▁in ▁1936 ▁an arch ist ▁commun ism ▁exist ed▁in ▁most ▁of▁A ragon , ▁parts▁of▁the ▁Lev ante ▁and ▁And al us ia ▁as▁well▁as ▁in▁the ▁strong hold ▁of ▁[ [ R ev olution ary ▁C atal onia ▁| ▁an arch ist ▁C atal onia ] ] ▁before▁being ▁cr ushed ▁by▁the ▁combin ed▁for ces ▁of▁the ▁[ [ F ran co ist ▁Spain ▁| ▁regime ▁that ▁won▁the ▁war ] ] , ▁Hit ler , ▁M uss ol ini , ▁Communist ▁Part y▁of ▁Spain ▁rep ression ▁( back ed▁by▁the ▁Soviet▁Union ) ▁as▁well▁as ▁economic ▁and ▁arm am ents ▁block ades ▁from▁the ▁capital ist ▁countries ▁and▁the ▁Spanish ▁Republic ▁itself .	▁Through▁the ▁effort s▁and ▁influence ▁of▁the ▁[[ An arch ism ▁in▁Spain ▁| ▁Spanish ▁anarch ists ]] ▁during▁the ▁Spanish ▁Revolution ▁within▁the ▁Spanish ▁Civil▁War , ▁starting▁in ▁1936 ▁anarch ist ▁commun ism ▁exist ed▁in ▁most ▁of▁A ragon , ▁parts▁of▁the ▁Lev ante ▁and ▁And alus ia ▁as▁well▁as ▁in▁the ▁stronghold ▁of ▁[[ R ev olution ary ▁Catal onia ▁| ▁anarch ist ▁Catal onia ]] ▁before▁being ▁crushed ▁by▁the ▁combin ed▁forces ▁of▁the ▁[[ F ran co ist ▁Spain ▁| ▁regime ▁that ▁won▁the ▁war ]] , ▁Hitler , ▁Muss olini , ▁Communist ▁Party▁of ▁Spain ▁rep ression ▁( back ed▁by▁the ▁Soviet▁Union ) ▁as▁well▁as ▁economic ▁and ▁arm aments ▁block ades ▁from▁the ▁capital ist ▁countries ▁and▁the ▁Spanish ▁Republic ▁itself .	▁Through▁the ▁effort s▁and ▁influence ▁of▁the ▁[[ An arch ism ▁in▁Spain ▁| ▁Spanish ▁anarch ists ]] ▁during▁the ▁Spanish ▁Revolution ▁within▁the ▁Spanish ▁Civil▁War , ▁starting▁in ▁1936 ▁anarchist ▁communism ▁existed▁in ▁most ▁of▁Aragon , ▁parts▁of▁the ▁Lev ante ▁and ▁Andalusia ▁as▁well▁as ▁in▁the ▁stronghold ▁of ▁[[ Rev olutionary ▁Catalonia ▁| ▁anarchist ▁Catalonia ]] ▁before▁being ▁crushed ▁by▁the ▁combin ed▁forces ▁of▁the ▁[[ Fran co ist ▁Spain ▁| ▁regime ▁that ▁won▁the ▁war ]], ▁Hitler , ▁Mussolini , ▁Communist ▁Party▁of ▁Spain ▁repression ▁( back ed▁by▁the ▁Soviet▁Union ) ▁as▁well▁as ▁economic ▁and ▁arm aments ▁block ades ▁from▁the ▁capitalist ▁countries ▁and▁the ▁Spanish ▁Republic ▁itself .	▁Through▁the ▁efforts▁and ▁influence ▁of▁the ▁[[ An arch ism ▁in▁Spain ▁| ▁Spanish ▁anarch ists ]] ▁during▁the ▁Spanish ▁Revolution ▁within▁the ▁Spanish ▁Civil▁War , ▁starting▁in ▁1936 ▁anarchist ▁communism ▁existed▁in ▁most ▁of▁Aragon , ▁parts▁of▁the ▁Lev ante ▁and ▁Andalusia ▁as▁well▁as ▁in▁the ▁stronghold ▁of ▁[[ Rev olutionary ▁Catalonia ▁| ▁anarchist ▁Catalonia ]] ▁before▁being ▁crushed ▁by▁the ▁combin ed▁forces ▁of▁the ▁[[ Fran co ist ▁Spain ▁| ▁regime ▁that▁won▁the ▁war ]], ▁Hitler , ▁Mussolini , ▁Communist ▁Party▁of ▁Spain ▁repression ▁( back ed▁by▁the ▁Soviet▁Union ) ▁as▁well▁as ▁economic▁and ▁arm aments ▁block ades ▁from▁the ▁capitalist ▁countries ▁and▁the▁Spanish ▁Republic ▁itself .
26	-ary,-ate,-ed,-ial,-ing,-ism,-ly,-or,-th,-ty,an-,de-,for-,re-,uni-	Anarcho-syndicalists view labour unions as a potential force for revolutionary social change, replacing capitalism and the state with a new society democratically self - managed by workers.	▁An arch o - sy nd ical ists ▁view ▁lab our ▁un ions ▁as▁a ▁potential ▁force ▁for ▁revolution ary ▁social ▁change , ▁replac ing ▁capital ism ▁and▁the ▁state ▁with▁a ▁new ▁society ▁dem ocrat ically ▁self ▁- ▁manag ed▁by ▁workers .	▁An arch o - sy nd ical ists ▁view ▁labour ▁unions ▁as▁a ▁potential ▁force ▁for ▁revolutionary ▁social ▁change , ▁replacing ▁capital ism ▁and▁the ▁state ▁with▁a▁new ▁society ▁dem ocrat ically ▁self ▁- ▁managed▁by ▁workers .	▁An arch o - sy nd ical ists ▁view ▁labour ▁unions ▁as▁a ▁potential ▁force ▁for ▁revolutionary ▁social ▁change , ▁replacing ▁capitalism ▁and▁the▁state ▁with▁a▁new ▁society ▁democrat ically ▁self ▁- ▁managed▁by ▁workers .	▁An arch o - sy nd ical ists ▁view ▁labour ▁unions ▁as▁a▁potential ▁force ▁for ▁revolutionary ▁social ▁change , ▁replacing ▁capitalism ▁and▁the▁state ▁with▁a▁new ▁society ▁democratically ▁self ▁- ▁managed▁by ▁workers .
27	-an,-ation,-ative,-ed,-ence,-er,-es,-ile,-ize,-ness,-ome,al-,an-,cent-,con-,in-,pre-,re-,sub-	"While [[Layla AbdelRahim]] argues that ""the shift in human consciousness was also a shift in human subsistence strategies, whereby some human animals reinvented their narrative to center murder and predation and thereby institutionalize violence""."	"▁While ▁[ [ L ay la ▁Abd el R ah im ] ] ▁arg ues ▁that ▁"" the ▁shift ▁in ▁human ▁cons cious ness ▁was▁also ▁a ▁shift ▁in ▁human ▁subs ist ence ▁strateg ies , ▁where by ▁some ▁human ▁animals ▁rein vent ed▁their ▁nar rative ▁to ▁center ▁murder ▁and ▁pred ation ▁and▁there by ▁institut ional ize ▁violence ""."	"▁While ▁[[ L ay la ▁Abd el R ah im ]] ▁argues▁that ▁"" the ▁shift ▁in ▁human ▁consciousness ▁was▁also▁a ▁shift ▁in ▁human ▁subs istence ▁strategies , ▁whereby ▁some ▁human ▁animals ▁rein vent ed▁their ▁narrative ▁to ▁center ▁murder ▁and ▁pred ation ▁and▁there by ▁institutional ize ▁violence ""."	"▁While ▁[[ L ay la ▁Abdel R ah im ]] ▁argues▁that ▁"" the ▁shift▁in ▁human ▁consciousness ▁was▁also▁a ▁shift▁in ▁human ▁subsistence ▁strategies , ▁whereby ▁some ▁human ▁animals ▁rein vent ed▁their ▁narrative ▁to ▁center ▁murder ▁and ▁pred ation ▁and▁thereby ▁institutional ize ▁violence ""."	"▁While ▁[[ L ay la ▁Abdel R ah im ]] ▁argues▁that ▁"" the ▁shift▁in ▁human ▁consciousness ▁was▁also▁a ▁shift▁in ▁human ▁subsistence ▁strategies , ▁whereby ▁some ▁human ▁animals ▁reinvent ed▁their ▁narrative ▁to ▁center ▁murder ▁and ▁predation ▁and▁thereby ▁institutional ize ▁violence ""."
28	-ar,-ed,-es,-in,-ing,-ly,-ped,an-,be-,de-	It developed mostly in the Netherlands, Britain and the United States before and during the Second World War.	▁It ▁developed ▁mostly ▁in▁the ▁Netherlands , ▁Britain ▁and▁the ▁United▁States ▁before ▁and ▁during▁the ▁Second ▁World▁War .	▁It ▁developed ▁mostly ▁in▁the ▁Netherlands , ▁Britain ▁and▁the ▁United▁States ▁before ▁and▁during▁the ▁Second ▁World▁War .	▁It ▁developed ▁mostly ▁in▁the ▁Netherlands , ▁Britain ▁and▁the ▁United▁States ▁before ▁and▁during▁the ▁Second ▁World▁War .	▁It ▁developed ▁mostly▁in▁the ▁Netherlands , ▁Britain ▁and▁the ▁United▁States ▁before ▁and▁during▁the ▁Second ▁World▁War .
29	-al,-es,-ian,-ism,-ity,-logy,-ment,an-,ana-,com-	Christian anarchism is a [[Christian movement | movement]] in [[political theology]] that combines anarchism and Christianity.	▁Christian ▁an arch ism ▁is▁a ▁[ [ Ch rist ian ▁movement ▁| ▁movement ] ] ▁in ▁[ [ p ol it ical ▁the ology ] ] ▁that ▁comb ines ▁an arch ism▁and ▁Christian ity .	▁Christian ▁anarch ism ▁is▁a ▁[[ Christian ▁movement ▁| ▁movement ]] ▁in ▁[[ polit ical ▁theology ]] ▁that ▁combines ▁anarch ism▁and ▁Christianity .	▁Christian ▁anarch ism ▁is▁a ▁[[ Christian ▁movement ▁| ▁movement ]] ▁in ▁[[ political ▁theology ]] ▁that ▁combines ▁anarch ism▁and ▁Christianity .	▁Christian ▁anarch ism ▁is▁a ▁[[ Christian ▁movement ▁| ▁movement ]] ▁in ▁[[ political ▁theology ]] ▁that ▁combines ▁anarch ism▁and ▁Christianity .
30	-al,-ate,-ian,-ic,-ing,-ism,-ist,-nomics,-ol,-ory,-ped,an-,ana-,anti-,de-,eco-,ind-,radi-	Anarcho-capitalism developed from radical anti-state libertarianism and individualist anarchism, drawing from [[Austrian School]] economics, study of [[law and economics]] and [[public choice theory]].	▁An arch o - c ap ital ism ▁develop ed▁from ▁rad ical ▁anti - state ▁liber t arian ism▁and ▁individual ist ▁an arch ism , ▁draw ing▁from ▁[ [ A ust rian ▁School ] ] ▁econom ics , ▁stud y▁of ▁[ [ law ▁and ▁econom ics ] ] ▁and ▁[ [ p ublic ▁choice ▁theory ] ] .	▁An arch o - cap ital ism ▁develop ed▁from ▁radical ▁anti - state ▁liber t arian ism▁and ▁individual ist ▁anarch ism , ▁draw ing▁from ▁[[ Aust rian ▁School ]] ▁economics , ▁study▁of ▁[[ law ▁and ▁economics ]] ▁and ▁[[ p ublic ▁choice ▁theory ]] .	▁An arch o - capital ism ▁develop ed▁from ▁radical ▁anti - state ▁libertarian ism▁and ▁individual ist ▁anarch ism , ▁draw ing▁from ▁[[ Aust rian ▁School ]] ▁economics , ▁study▁of ▁[[ law ▁and ▁economics ]] ▁and ▁[[ public ▁choice ▁theory ]].	▁An arch o - capital ism ▁developed▁from ▁radical ▁anti - state ▁libertarian ism▁and ▁individual ist ▁anarch ism , ▁draw ing▁from ▁[[ Aust rian ▁School ]] ▁economics , ▁study▁of ▁[[ law ▁and ▁economics ]] ▁and ▁[[ public ▁choice ▁theory ]].
31	-ism,-ome,al-,ana-	Some anarcho-transhumanists might also follow [[technogaianism]].	▁Some ▁an arch o - t ran sh uman ists ▁might ▁also ▁follow ▁[ [ te chn og a ian ism ] ] .	▁Some ▁anarch o - t ran sh uman ists ▁might ▁also ▁follow ▁[[ techn oga ian ism ]] .	▁Some ▁anarch o - t ran sh uman ists ▁might ▁also ▁follow ▁[[ techn oga ian ism ]].	▁Some ▁anarch o - t ran sh uman ists ▁might ▁also ▁follow ▁[[ techn oga ianism ]].
32	-al,-ate,-es,-ile,-ist,-ome,-ty,ad-,ana-,on-,other-	About the scope of an anarchist society, some anarchists advocate a global one, while others do so by local ones.	▁About ▁the ▁sc ope ▁of▁an ▁an arch ist ▁society , ▁some ▁an arch ists ▁advoc ate ▁a ▁global ▁one , ▁while ▁others ▁do ▁so ▁by ▁local ▁ones .	▁About ▁the ▁scope ▁of▁an ▁anarch ist ▁society , ▁some ▁anarch ists ▁advocate ▁a ▁global ▁one , ▁while▁others ▁do▁so ▁by ▁local ▁ones .	▁About ▁the ▁scope ▁of▁an ▁anarchist ▁society , ▁some ▁anarch ists ▁advocate ▁a ▁global ▁one , ▁while▁others ▁do▁so ▁by▁local ▁ones .	▁About ▁the ▁scope ▁of▁an ▁anarchist ▁society , ▁some ▁anarch ists ▁advocate ▁a▁global ▁one , ▁while▁others ▁do▁so ▁by▁local ▁ones .
33	-ance,-ile,-ism,-ist,ana-,ind-,up-	[[File: Emilearmand01.jpg | thumb | upright |[ [Individualist anarchism in France | French individualist anarchist]]	▁[ [ F ile : ▁Em ile arm and 0 1. j p g ▁| ▁th umb ▁| ▁up right ▁| [ ▁[ I nd ividual ist ▁an arch ism ▁in▁France ▁| ▁French ▁individual ist ▁an arch ist ] ]	▁[[ F ile : ▁Em ile arm and 0 1. j p g ▁| ▁thumb ▁| ▁up right ▁| [ ▁[ Ind ividual ist ▁anarch ism ▁in▁France ▁| ▁French ▁individual ist ▁anarch ist ]]	▁[[ F ile : ▁Emile arm and 0 1. j pg ▁| ▁thumb ▁| ▁upright ▁| [ ▁[ Ind ividual ist ▁anarch ism ▁in▁France ▁| ▁French ▁individual ist ▁anarchist ]]	▁[[ F ile : ▁Emile arm and 0 1. j pg ▁| ▁thumb ▁| ▁upright ▁| [ ▁[ Ind ividual ist ▁anarch ism ▁in▁France ▁| ▁French ▁individual ist ▁anarchist ]]
34	-al,-ed,-ent,-es,-et,-ey,-ian,-ing,-ist,-ity,-ly,-on,-th,an-,ana-,bi-,en-,radi-,sex-	They encouraged playing with sexual roles and sexuality and the openly bisexual radical [[Edna St. Vincent Millay]] and the lesbian anarchist [[Margaret C. Anderson | Margaret Anderson]] were prominent among them.	▁They ▁encourag ed ▁playing ▁with ▁sexual ▁roles ▁and ▁sexual ity ▁and▁the ▁open ly ▁b ise xual ▁rad ical ▁[ [ E d na ▁St . ▁Vinc ent ▁M illa y ] ] ▁and▁the ▁l es b ian ▁an arch ist ▁[ [ M arg aret ▁C . ▁Anderson ▁| ▁Margaret ▁Anderson ] ] ▁were ▁prominent ▁among ▁them .	▁They ▁encouraged ▁playing ▁with ▁sexual ▁roles ▁and ▁sexuality ▁and▁the ▁openly ▁b ise xual ▁radical ▁[[ Ed na ▁St . ▁Vincent ▁M illa y ]] ▁and▁the ▁lesbian ▁anarch ist ▁[[ M arg aret ▁C . ▁Anderson ▁| ▁Margaret ▁Anderson ]] ▁were ▁prominent ▁among▁them .	▁They ▁encouraged ▁playing▁with ▁sexual ▁roles ▁and ▁sexuality ▁and▁the ▁openly ▁bisexual ▁radical ▁[[ Ed na ▁St . ▁Vincent ▁M illa y ]] ▁and▁the ▁lesbian ▁anarchist ▁[[ M arg aret ▁C . ▁Anderson ▁| ▁Margaret ▁Anderson ]] ▁were ▁prominent ▁among▁them .	▁They ▁encouraged ▁playing▁with ▁sexual ▁roles ▁and ▁sexuality ▁and▁the ▁openly ▁bisexual ▁radical ▁[[ Ed na ▁St . ▁Vincent ▁M illa y ]] ▁and▁the ▁lesbian ▁anarchist ▁[[ Marg aret ▁C . ▁Anderson ▁| ▁Margaret ▁Anderson ]] ▁were ▁prominent ▁among▁them .
35	-an,-ed,-ion,other-	Discussion groups organised by the Villagers were frequented by Emma Goldman, among others.	▁Disc uss ion ▁groups ▁organis ed▁by▁the ▁Villa g ers▁were ▁frequent ed▁by ▁Em ma ▁Gold man , ▁among ▁others .	▁Disc uss ion ▁groups ▁organis ed▁by▁the ▁Villa g ers▁were ▁frequent ed▁by ▁Emma ▁Gold man , ▁among▁others .	▁Disc ussion ▁groups ▁organis ed▁by▁the ▁Villa g ers▁were ▁frequent ed▁by ▁Emma ▁Goldman , ▁among▁others .	▁Disc ussion ▁groups ▁organis ed▁by▁the ▁Villa g ers▁were ▁frequented▁by ▁Emma ▁Goldman , ▁among▁others .
36	-ism	In Germany, the [[Stirnerism | Stirnerists]]	▁In ▁Germany , ▁the ▁[ [ St ir ner ism ▁| ▁St ir ner ists ] ]	▁In ▁Germany , ▁the ▁[[ St ir ner ism ▁| ▁St ir ner ists ]]	▁In ▁Germany , ▁the ▁[[ St ir ner ism ▁| ▁St ir ner ists ]]	▁In▁Germany , ▁the ▁[[ St ir ner ism ▁| ▁St ir ner ists ]]
37	-ad,-ed,-es,-ly,an-,ap-	It was founded in 1936 by [[Lucía Sánchez Saornil]], Mercedes Comaposada and [[Amparo Poch y Gascón]] and had approximately 30,000 members.	▁It▁was ▁founded▁in ▁1936 ▁by ▁[ [ L uc ía ▁S án che z ▁Sa orn il ] ] , ▁Mer ced es ▁Com ap os ad a▁and ▁[ [ A mp aro ▁P och ▁y ▁G asc ón ] ] ▁and▁had ▁approximately ▁3 0,000 ▁members .	▁It▁was ▁founded▁in ▁1936 ▁by ▁[[ L uc ía ▁Sánchez ▁Sa orn il ]] , ▁Mercedes ▁Com ap os ad a▁and ▁[[ A mp aro ▁P och ▁y ▁G asc ón ]] ▁and▁had ▁approximately ▁30,000 ▁members .	▁It▁was ▁founded▁in ▁1936 ▁by ▁[[ Luc ía ▁Sánchez ▁Sa orn il ]], ▁Mercedes ▁Com ap os ada▁and ▁[[ A mp aro ▁P och ▁y ▁G asc ón ]] ▁and▁had ▁approximately ▁30,000 ▁members .	▁It▁was ▁founded▁in ▁1936 ▁by ▁[[ Luc ía ▁Sánchez ▁Sa orn il ]], ▁Mercedes ▁Com ap os ada▁and ▁[[ A mp aro ▁P och ▁y ▁G asc ón ]] ▁and▁had ▁approximately ▁30,000 ▁members .
38	-ant,-ation,-ed,-es,-ial,-isation,-ist,-le,-ly,-ment,-or,-tion,an-,im-,para-,re-	"The organisation was based on the idea of a ""double struggle"" for [[Feminist movement | women's liberation]] and social revolution and argued that the two objectives were equally important and should be pursued in parallel."	"▁The ▁organis ation▁was ▁based▁on▁the ▁idea ▁of▁a ▁"" d ou ble ▁strugg le "" ▁for ▁[ [ F em inist ▁movement ▁| ▁women ' s ▁liber ation ] ] ▁and▁s ocial ▁revolution ▁and ▁argu ed▁that▁the ▁two ▁object ives ▁were ▁equ ally ▁important ▁and ▁should▁be ▁pursu ed▁in ▁parallel ."	"▁The ▁organis ation▁was ▁based▁on▁the ▁idea ▁of▁a ▁"" d ouble ▁struggle "" ▁for ▁[[ F em inist ▁movement ▁| ▁women ' s ▁liber ation ]] ▁and▁social ▁revolution ▁and ▁argued▁that▁the ▁two ▁objectives ▁were ▁equally ▁important ▁and ▁should▁be ▁pursu ed▁in ▁parallel ."	"▁The ▁organis ation▁was ▁based▁on▁the ▁idea▁of▁a ▁"" double ▁struggle "" ▁for ▁[[ F eminist ▁movement ▁| ▁women ' s ▁liberation ]] ▁and▁social ▁revolution ▁and ▁argued▁that▁the ▁two ▁objectives ▁were ▁equally ▁important ▁and ▁should▁be ▁pursu ed▁in ▁parallel ."	"▁The ▁organis ation▁was ▁based▁on▁the ▁idea▁of▁a ▁"" double ▁struggle "" ▁for ▁[[ F eminist ▁movement ▁| ▁women ' s ▁liberation ]] ▁and▁social ▁revolution ▁and ▁argued▁that▁the ▁two ▁objectives ▁were ▁equally ▁important ▁and▁should▁be ▁pursu ed▁in ▁parallel ."
39	-es	"Fragments cyréaniques ""(2002)."	"▁F rag ments ▁c yr é ani ques ▁""( 200 2)."	"▁F rag ments ▁c yr é ani ques ▁""( 200 2)."	"▁F rag ments ▁c yr é ani ques ▁""( 200 2)."	"▁Frag ments ▁c yr é ani ques ▁""(200 2)."
40	-an,-arian,-ation,-ative,-ed,-en,-es,-ist,-ly,ad-,al-,ana-,com-,ex-	Early American anarchist Josiah Warren advanced alternative education experiences in the libertarian communities he established.	▁Early ▁American ▁an arch ist ▁Jos iah ▁Warren ▁advanced ▁alternative ▁education ▁experiences ▁in▁the ▁liber t arian ▁communities ▁he ▁established .	▁Early ▁American ▁anarch ist ▁Jos iah ▁Warren ▁advanced ▁alternative ▁education ▁experiences ▁in▁the ▁liber t arian ▁communities ▁he ▁established .	▁Early ▁American ▁anarchist ▁Josiah ▁Warren ▁advanced ▁alternative ▁education ▁experiences ▁in▁the ▁libertarian ▁communities ▁he▁established .	▁Early ▁American ▁anarchist ▁Josiah ▁Warren ▁advanced ▁alternative ▁education ▁experiences ▁in▁the ▁libertarian ▁communities ▁he▁established .
41	-al,-arian,-ee,-er,-ey,-fer,-ing,-le,-ly,-ose,ad-,al-,an-,ap-,di-,over-,radi-	However, although Summerhill and other free schools are radically libertarian, they differ in principle from those of Ferrer by not advocating an overtly political class struggle - approach.	▁However , ▁although ▁Summer hill ▁and▁other ▁free ▁school s▁are ▁rad ically ▁liber t arian , ▁they ▁differ ▁in ▁princip le ▁from ▁those ▁of▁F er r er ▁by ▁not ▁advoc ating ▁an ▁over t ly ▁political ▁class ▁strugg le ▁- ▁approach .	▁However , ▁although ▁Summer hill ▁and▁other ▁free ▁school s▁are ▁rad ically ▁liber t arian , ▁they ▁differ ▁in ▁principle ▁from ▁those ▁of▁F err er ▁by ▁not ▁advoc ating ▁an ▁overt ly ▁political ▁class ▁struggle ▁- ▁approach .	▁However , ▁although ▁Summer hill ▁and▁other ▁free ▁schools▁are ▁radically ▁libertarian , ▁they ▁differ ▁in ▁principle ▁from▁those ▁of▁F err er ▁by ▁not ▁advocating ▁an ▁overt ly ▁political ▁class ▁struggle ▁- ▁approach .	▁However , ▁although ▁Summer hill ▁and▁other ▁free ▁schools▁are ▁radically ▁libertarian , ▁they ▁differ ▁in ▁principle ▁from▁those ▁of▁F err er ▁by▁not ▁advocating ▁an ▁overtly ▁political ▁class ▁struggle ▁- ▁approach .
42	-ism,-ory	[[Category: Anti-fascism]]	▁[ [ C ateg ory : ▁Ant i - f asc ism ] ]	▁[[ C ategory : ▁Anti - f asc ism ]]	▁[[ Category : ▁Anti - f asc ism ]]	▁[[ Category : ▁Anti - fasc ism ]]
43	-es,-ial,-ory	[[Category: Social theories]]	▁[ [ C ateg ory : ▁Social ▁the ories ] ]	▁[[ C ategory : ▁Social ▁theories ]]	▁[[ Category : ▁Social ▁theories ]]	▁[[ Category : ▁Social ▁theories ]]
44	-al,-ed,-ee,-er,-fication,-ial,-ish,-ism,an-,aut-,de-,dis-,re-	Social deficits distinguish autism and the related autism spectrum disorders (ASD; see Classification) from other developmental disorders.	▁Social ▁def ic its ▁distingu ish ▁aut ism ▁and▁the ▁related ▁aut ism ▁spect rum ▁dis orders ▁( AS D ; ▁see ▁Class ification ) ▁from▁other ▁development al ▁dis orders .	▁Social ▁def ic its ▁distinguish ▁aut ism ▁and▁the ▁related ▁aut ism ▁spectrum ▁disorders ▁( AS D ; ▁see ▁Class ification ) ▁from▁other ▁developmental ▁disorders .	▁Social ▁def ic its ▁distinguish ▁aut ism▁and▁the ▁related ▁aut ism ▁spectrum ▁disorders ▁( AS D ; ▁see ▁Classification ) ▁from▁other ▁developmental ▁disorders .	▁Social ▁deficits ▁distinguish ▁aut ism▁and▁the ▁related ▁aut ism ▁spectrum ▁disorders ▁( AS D ; ▁see ▁Classification ) ▁from▁other ▁developmental ▁disorders .
45	-ary,-er,-ey,at-,for-	However, they do form attachments to their primary caregivers.	▁However , ▁they ▁do ▁form ▁att ach ments ▁to▁their ▁primary ▁care g ivers .	▁However , ▁they ▁do ▁form ▁attach ments ▁to▁their ▁primary ▁care g ivers .	▁However , ▁they ▁do ▁form ▁attach ments ▁to▁their ▁primary ▁care g ivers .	▁However , ▁they▁do ▁form ▁attach ments ▁to▁their ▁primary ▁careg ivers .
46	-al,-es,-ing,-ity,-ly,-ose,af-,de-,in-,par-,re-	Functional friendships, such as those resulting in invitations to parties, may affect the quality of life more deeply.	▁F unction al ▁friend ship s , ▁such▁as ▁those ▁result ing▁in ▁invit ations ▁to ▁parties , ▁may ▁affect ▁the ▁quality ▁of ▁life ▁more ▁deep ly .	▁F unctional ▁friendship s , ▁such▁as ▁those ▁resulting▁in ▁invit ations▁to ▁parties , ▁may ▁affect ▁the ▁quality▁of ▁life ▁more ▁deeply .	▁F unctional ▁friendship s , ▁such▁as▁those ▁resulting▁in ▁invit ations▁to ▁parties , ▁may ▁affect▁the ▁quality▁of▁life ▁more ▁deeply .	▁Functional ▁friendship s , ▁such▁as▁those ▁resulting▁in ▁invit ations▁to ▁parties , ▁may ▁affect▁the ▁quality▁of▁life ▁more ▁deeply .
47	-an,-ar,-ation,-drome,-ed,-en,-er,-ese,-ess,-ling,-ship,-th,ad-,af-,an-,con-,re-,syn-,un-	Siblings of children with ASD report greater admiration of and less conflict with the affected sibling than siblings of unaffected children and were similar to siblings of children with Down syndrome in these aspects of the sibling relationship.	▁S ib ling s▁of ▁children ▁with ▁A S D ▁report ▁greater ▁ad mir ation▁of ▁and ▁less ▁conflict ▁with▁the ▁affect ed ▁s ib ling ▁than ▁s ib ling s▁of ▁un aff ect ed ▁children ▁and▁were ▁similar▁to ▁s ib ling s▁of ▁children ▁with ▁Down ▁synd rome ▁in▁the se ▁aspect s▁of▁the ▁s ib ling ▁relationship .	▁Sib ling s▁of ▁children ▁with ▁AS D ▁report ▁greater ▁admir ation▁of ▁and ▁less ▁conflict ▁with▁the ▁affected ▁s ib ling ▁than ▁s ib ling s▁of ▁un aff ect ed ▁children ▁and▁were ▁similar▁to ▁s ib ling s▁of ▁children ▁with ▁Down ▁syndrome ▁in▁these ▁aspects▁of▁the ▁s ib ling ▁relationship .	▁Sib ling s▁of ▁children▁with ▁AS D ▁report ▁greater ▁admir ation▁of ▁and▁less ▁conflict ▁with▁the ▁affected ▁sibling ▁than ▁sibling s▁of ▁un affect ed ▁children ▁and▁were ▁similar▁to ▁sibling s▁of ▁children▁with ▁Down ▁syndrome ▁in▁these ▁aspects▁of▁the ▁sibling ▁relationship .	▁Sib ling s▁of ▁children▁with ▁AS D ▁report ▁greater ▁admir ation▁of ▁and▁less ▁conflict ▁with▁the ▁affected ▁sibling ▁than ▁sibling s▁of ▁unaffect ed ▁children ▁and▁were ▁similar▁to ▁sibling s▁of ▁children▁with ▁Down ▁syndrome ▁in▁these ▁aspects▁of▁the ▁sibling ▁relationship .
48	-ad,-ed,-ic,-ing,-ion,-ism,-ome,-ose,-th,-ways,ad-,aut-,cel-,dis-,in-,syn-	Some rare mutations may lead to autism by disrupting some synaptic pathways, such as those involved with cell adhesion.	▁Some ▁rare ▁mut ations ▁may ▁lead ▁to▁a ut ism ▁by ▁dis rupt ing ▁some ▁syn apt ic ▁path ways , ▁such▁as ▁those ▁involv ed▁with ▁cell ▁ad hes ion .	▁Some ▁rare ▁mut ations ▁may ▁lead ▁to▁a ut ism ▁by ▁disrupt ing ▁some ▁syn apt ic ▁path ways , ▁such▁as ▁those ▁involved▁with ▁cell ▁ad hes ion .	▁Some ▁rare ▁mutations ▁may ▁lead▁to▁a ut ism ▁by ▁disrupt ing ▁some ▁syn aptic ▁pathways , ▁such▁as▁those ▁involved▁with ▁cell ▁adhes ion .	▁Some ▁rare ▁mutations ▁may ▁lead▁to▁a utism ▁by ▁disrupt ing▁some ▁synaptic ▁pathways , ▁such▁as▁those ▁involved▁with ▁cell ▁adhesion .
49	-al,-ed,-ene,-ent,-er,-es,-est,-istic,-ity,-ly,-ment,ac-,an-,aut-,de-,re-,step-,sym-,syn-	Gene replacement studies in mice suggest that autistic symptoms are closely related to later developmental steps that depend on activity in synapses and on activity - dependent changes.	▁G ene ▁replacement ▁studies ▁in ▁m ice ▁suggest ▁that ▁aut istic ▁sym pt om s▁are ▁closely ▁related▁to ▁later ▁development al ▁step s▁that ▁depend ▁on ▁activity ▁in ▁syn aps es▁and ▁on ▁activity ▁- ▁depend ent ▁changes .	▁Gene ▁replacement ▁studies ▁in ▁mice ▁suggest▁that ▁aut istic ▁symptom s▁are ▁closely ▁related▁to ▁later ▁developmental ▁step s▁that ▁depend ▁on ▁activity ▁in ▁syn aps es▁and ▁on ▁activity ▁- ▁dependent ▁changes .	▁Gene ▁replacement ▁studies▁in ▁mice ▁suggest▁that ▁aut istic ▁symptom s▁are ▁closely ▁related▁to ▁later ▁developmental ▁step s▁that ▁depend▁on ▁activity ▁in ▁syn aps es▁and ▁on ▁activity ▁- ▁dependent ▁changes .	▁Gene ▁replacement ▁studies▁in ▁mice ▁suggest▁that ▁aut istic ▁symptom s▁are ▁closely ▁related▁to ▁later ▁developmental ▁step s▁that ▁depend▁on ▁activity▁in ▁syn aps es▁and ▁on ▁activity ▁- ▁dependent ▁changes .
50	-al,-ate,-ed,-en,-ence,-es,-ess,-ic,-in,-ing,-ious,-ism,-ol,al-,an-,aut-,be-,brom-,con-,dis-,exa-,ill-,in-,pre-,re-,with-	Environmental factors that have been claimed without evidence to contribute to or exacerbate autism include certain foods, infectious diseases, solvents, PCBs, phthalates and phenols used in plastic products, pesticides, brominated flame retardants, alcohol, smoking, illicit drugs, vaccines, and prenatal stress.	▁Environment al ▁factors ▁that ▁have▁been ▁claim ed▁with out ▁evidence ▁to ▁cont ribute ▁to ▁or ▁ex ac erb ate ▁aut ism ▁include ▁certain ▁food s , ▁inf ect ious ▁dise ases , ▁s olv ents , ▁PC B s , ▁ph th al ates ▁and▁p hen ols ▁used▁in ▁pl astic ▁products , ▁p estic ides , ▁b rom in ated ▁fl ame ▁ret ard ants , ▁alcohol , ▁sm ok ing , ▁ill ic it ▁drug s , ▁vac c ines , ▁and ▁pre n atal ▁stress .	▁Environmental ▁factors ▁that▁have▁been ▁claim ed▁without ▁evidence ▁to ▁contribute ▁to ▁or ▁ex ac erb ate ▁aut ism ▁include ▁certain ▁foods , ▁infect ious ▁diseases , ▁solv ents , ▁PC B s , ▁ph thal ates ▁and▁p hen ols ▁used▁in ▁plastic ▁products , ▁p estic ides , ▁b rom in ated ▁fl ame ▁ret ard ants , ▁alcohol , ▁sm oking , ▁ill icit ▁drugs , ▁vacc ines , ▁and ▁pre n atal ▁stress .	▁Environmental ▁factors ▁that▁have▁been ▁claim ed▁without ▁evidence▁to ▁contribute▁to ▁or ▁exacerb ate ▁aut ism ▁include ▁certain ▁foods , ▁infectious ▁diseases , ▁solv ents , ▁PC B s , ▁ph thal ates ▁and▁p hen ols ▁used▁in ▁plastic ▁products , ▁pestic ides , ▁brom in ated ▁flame ▁retard ants , ▁alcohol , ▁smoking , ▁illicit ▁drugs , ▁vaccines , ▁and ▁pre n atal ▁stress .	▁Environmental ▁factors ▁that▁have▁been ▁claim ed▁without ▁evidence▁to ▁contribute▁to ▁or ▁exacerb ate ▁aut ism ▁include ▁certain ▁foods , ▁infectious ▁diseases , ▁solvents , ▁PC Bs , ▁ph thal ates ▁and▁p hen ols ▁used▁in ▁plastic ▁products , ▁pesticides , ▁brom inated ▁flame ▁retard ants , ▁alcohol , ▁smoking , ▁illicit ▁drugs , ▁vaccines , ▁and▁pre natal ▁stress .
51	-ar,-es,-le,ap-,be-,multi-	The behaviors appear to have multiple pathophysiologies.	▁The ▁behav i ors ▁appear ▁to▁have ▁multiple ▁path oph ys i ologies .	▁The ▁behavi ors ▁appear ▁to▁have ▁multiple ▁path oph ys i ologies .	▁The ▁behaviors ▁appear▁to▁have ▁multiple ▁path ophys i ologies .	▁The ▁behaviors ▁appear▁to▁have ▁multiple ▁path ophys i ologies .
52	-ent,-er,-in,-ing,-ive,-ization,-ment,-st,co-,de-,under-	It seems to be most prominent in brain areas underlying the development of higher cognitive specialization.	▁It ▁seem s▁to▁be ▁most ▁prominent ▁in ▁brain ▁areas ▁under ly ing▁the ▁development▁of ▁higher ▁c ogn itive ▁special ization .	▁It ▁seems▁to▁be ▁most ▁prominent ▁in ▁brain ▁areas ▁under ly ing▁the ▁development▁of ▁higher ▁cognitive ▁special ization .	▁It ▁seems▁to▁be ▁most▁prominent ▁in ▁brain ▁areas ▁under lying▁the ▁development▁of ▁higher ▁cognitive ▁special ization .	▁It ▁seems▁to▁be ▁most▁prominent ▁in ▁brain ▁areas ▁under lying▁the ▁development▁of ▁higher ▁cognitive ▁specialization .
53	-es,-ing,-logical,-ly,-or,-th,-ular,an-,cel-,in-,over-	Hypotheses for the cellular and molecular bases of pathological early overgrowth include the following:	▁H yp ot hes es ▁for▁the ▁cell ular ▁and▁m ole cular ▁bas es▁of ▁path ological ▁early ▁over g row th ▁include ▁the▁following :	▁H yp ot hes es ▁for▁the ▁cellular ▁and▁m olecular ▁bas es▁of ▁path ological ▁early ▁over g row th ▁include ▁the▁following :	▁Hyp ot heses ▁for▁the ▁cellular ▁and▁m olecular ▁bas es▁of ▁path ological ▁early ▁over growth ▁include ▁the▁following :	▁Hyp ot heses ▁for▁the ▁cellular ▁and▁m olecular ▁bas es▁of ▁pathological ▁early ▁over growth ▁include ▁the▁following :
54	-al,-ed,-en,-ence,-es,-etic,-in,-ism,-ole,-or,-ship,-st,-th,an-,aut-,be-,di-,gen-,in-,re-,trans-,under-	The relationship of neurochemicals to autism is not well understood; several have been investigated, with the most evidence for the role of serotonin and of genetic differences in its transport.	▁The ▁relationship ▁of ▁ne uro che m ical s▁to ▁aut ism ▁is▁not ▁well ▁under st ood ; ▁several ▁have▁been ▁investig ated , ▁with▁the ▁most ▁evidence ▁for▁the ▁role ▁of ▁ser ot on in ▁and ▁of ▁gen etic ▁differences ▁in▁its ▁transport .	▁The ▁relationship ▁of ▁neuro chem ical s▁to ▁aut ism ▁is▁not ▁well ▁understood ; ▁several ▁have▁been ▁investigated , ▁with▁the ▁most ▁evidence ▁for▁the ▁role▁of ▁ser oton in▁and ▁of ▁genetic ▁differences ▁in▁its ▁transport .	▁The ▁relationship ▁of ▁neuro chemical s▁to ▁aut ism ▁is▁not ▁well ▁understood ; ▁several ▁have▁been ▁investigated , ▁with▁the▁most ▁evidence ▁for▁the ▁role▁of ▁ser oton in▁and ▁of ▁genetic ▁differences ▁in▁its ▁transport .	▁The ▁relationship ▁of ▁neuro chemical s▁to ▁aut ism ▁is▁not ▁well ▁understood ; ▁several ▁have▁been ▁investigated , ▁with▁the▁most ▁evidence ▁for▁the ▁role▁of ▁ser oton in▁and ▁of ▁genetic ▁differences ▁in▁its ▁transport .
55	-ably,-an,-ed,-es,-ess,-ism,-ome,-or,-th,ac-,aut-,in-,meta-	Also, some inborn errors of metabolism are associated with autism, but probably account for less than 5% of cases.	▁Also , ▁some ▁in born ▁er ror s▁of ▁met ab ol ism ▁are ▁associated ▁with▁a ut ism , ▁but ▁probably ▁account ▁for ▁less▁than ▁5 % ▁of ▁cases .	▁Also , ▁some ▁in born ▁error s▁of ▁metabol ism ▁are ▁associated ▁with▁a ut ism , ▁but ▁probably ▁account ▁for ▁less▁than ▁5% ▁of ▁cases .	▁Also , ▁some ▁in born ▁error s▁of ▁metabolism ▁are ▁associated ▁with▁a ut ism , ▁but ▁probably ▁account▁for ▁less▁than ▁5% ▁of ▁cases .	▁Also , ▁some ▁in born ▁error s▁of ▁metabolism ▁are ▁associated ▁with▁a utism , ▁but ▁probably ▁account▁for ▁less▁than ▁5% ▁of ▁cases .
56	-ation,-es,-ial,-ism,-ment,-on,-or,-ory,-th,-tion,an-,aut-,com-,cor-,de-,di-,dis-,hypo-,im-,inter-	The mirror neuron system (MNS) theory of autism hypothesizes that distortion in the development of the MNS interferes with imitation and leads to autism's core features of social impairment and communication difficulties.	▁The ▁mir ror ▁ne ur on ▁system ▁( M N S ) ▁theory ▁of▁a ut ism ▁hy pot hes iz es▁that ▁dist ort ion ▁in▁the ▁development ▁of▁the▁M N S ▁inter fer es ▁with ▁im it ation▁and ▁lead s▁to ▁aut ism ' s ▁core ▁features ▁of ▁social ▁imp air ment ▁and ▁communication ▁difficult ies .	▁The ▁mirror ▁neur on ▁system ▁( M NS ) ▁theory ▁of▁a ut ism ▁hypothes iz es▁that ▁dist ortion ▁in▁the ▁development ▁of▁the▁M NS ▁interfer es▁with ▁imit ation▁and ▁leads▁to ▁aut ism ' s ▁core ▁features ▁of ▁social ▁imp air ment▁and ▁communication ▁difficulties .	▁The ▁mirror ▁neuron ▁system ▁( M NS ) ▁theory ▁of▁aut ism ▁hypothes iz es▁that ▁distortion ▁in▁the ▁development ▁of▁the▁M NS ▁interfer es▁with ▁imit ation▁and ▁leads▁to ▁aut ism ' s ▁core ▁features ▁of▁social ▁impair ment▁and ▁communication ▁difficulties .	▁The ▁mirror ▁neuron ▁system ▁( M NS ) ▁theory ▁of▁aut ism ▁hypothes iz es▁that ▁distortion ▁in▁the ▁development ▁of▁the▁M NS ▁interfer es▁with ▁imit ation▁and ▁leads▁to ▁aut ism ' s▁core ▁features ▁of▁social ▁impair ment▁and ▁communication ▁difficulties .
57	-al,-ation,-drome,-ed,-en,-er,-es,-ing,-ity,-or,-th,ab-,ac-,an-,be-,cor-,de-,hypo-,im-,ind-,re-,syn-	Several studies have tested this hypothesis by demonstrating structural abnormalities in MNS regions of individuals with ASD, delay in the activation in the core circuit for imitation in individuals with Asperger syndrome, and a correlation between reduced MNS activity and severity of the syndrome in children with ASD.	▁Several ▁studies ▁have ▁test ed▁this ▁hy pot hesis ▁by ▁demonstr ating ▁struct ural ▁ab n orm al ities ▁in▁M N S ▁region s▁of ▁individual s▁with ▁A S D , ▁delay ▁in▁the ▁activ ation▁in▁the ▁core ▁circuit ▁for ▁im it ation▁in ▁individual s▁with ▁As per ger ▁synd rome , ▁and▁a ▁cor rel ation ▁between ▁reduced ▁M N S ▁activity ▁and ▁sever ity▁of▁the ▁synd rome ▁in ▁children ▁with ▁A S D .	▁Several ▁studies▁have ▁test ed▁this ▁hypothesis ▁by ▁demonstr ating ▁structural ▁abnormal ities ▁in▁M NS ▁regions▁of ▁individual s▁with ▁AS D , ▁delay ▁in▁the ▁activ ation▁in▁the ▁core ▁circuit ▁for ▁imit ation▁in ▁individual s▁with ▁As per ger ▁syndrome , ▁and▁a ▁correl ation ▁between ▁reduced ▁M NS ▁activity ▁and ▁sever ity▁of▁the ▁syndrome ▁in ▁children ▁with ▁AS D .	▁Several ▁studies▁have ▁test ed▁this ▁hypothesis ▁by ▁demonstrating ▁structural ▁abnormalities ▁in▁M NS ▁regions▁of ▁individual s▁with ▁AS D , ▁delay ▁in▁the ▁activ ation▁in▁the ▁core ▁circuit ▁for ▁imit ation▁in ▁individual s▁with ▁As per ger ▁syndrome , ▁and▁a ▁correlation ▁between ▁reduced ▁M NS ▁activity ▁and ▁sever ity▁of▁the ▁syndrome ▁in ▁children▁with ▁AS D .	▁Several ▁studies▁have ▁test ed▁this ▁hypothesis ▁by ▁demonstrating ▁structural ▁abnormalities ▁in▁M NS ▁regions▁of ▁individual s▁with ▁AS D , ▁delay ▁in▁the ▁activ ation▁in▁the ▁core ▁circuit ▁for ▁imit ation▁in ▁individual s▁with ▁As per ger ▁syndrome , ▁and▁a ▁correlation ▁between ▁reduced ▁M NS ▁activity▁and ▁severity▁of▁the ▁syndrome ▁in ▁children▁with ▁AS D .
58	-al,-ed,-es,-ess,-ing,-ism,-ity,-ization,-ory,-th,al-,an-,aut-,con-,ex-,hypo-,syn-,under-	The underconnectivity theory of autism hypothesizes that autism is marked by underfunctioning high - level neural connections and synchronization, along with an excess of low - level processes.	▁The ▁under con nect ivity ▁theory ▁of▁a ut ism ▁hy pot hes iz es▁that ▁aut ism ▁is ▁mark ed▁by ▁under f unction ing ▁high ▁- ▁level ▁ne ural ▁connection s▁and ▁syn ch ron ization , ▁along▁with ▁an ▁excess ▁of ▁low ▁- ▁level ▁process es .	▁The ▁under connect ivity ▁theory ▁of▁a ut ism ▁hypothes iz es▁that ▁aut ism ▁is ▁marked▁by ▁under f unction ing ▁high ▁- ▁level ▁neural ▁connection s▁and ▁synchron ization , ▁along▁with ▁an ▁excess ▁of ▁low ▁- ▁level ▁processes .	▁The ▁under connect ivity ▁theory ▁of▁aut ism ▁hypothes iz es▁that ▁aut ism▁is ▁marked▁by ▁under function ing ▁high ▁- ▁level ▁neural ▁connection s▁and ▁synchron ization , ▁along▁with ▁an ▁excess▁of ▁low ▁- ▁level ▁processes .	▁The ▁under connect ivity ▁theory ▁of▁aut ism ▁hypothes iz es▁that ▁aut ism▁is ▁marked▁by ▁under function ing ▁high ▁- ▁level ▁neural ▁connection s▁and ▁synchronization , ▁along▁with ▁an ▁excess▁of ▁low ▁- ▁level ▁processes .
59	-arch,-ation,-drome,-ed,-en,-es,-etic,-ism,-ly,-on,-phrenia,-th,-tion,an-,aut-,be-,com-,de-,gen-,re-,schizo-,syn-	In the genetic area, relations have been found between autism and schizophrenia based on duplications and deletions of chromosomes; research showed that schizophrenia and autism are significantly more common in combination with 1q 21.1 deletion syndrome.	▁In▁the ▁gen etic ▁area , ▁relations ▁have▁been ▁found ▁between ▁aut ism ▁and▁s ch iz oph ren ia ▁based▁on ▁d up lic ations▁and ▁de let ion s▁of ▁ch rom os om es ; ▁research ▁show ed▁that ▁sch iz oph ren ia ▁and▁a ut ism ▁are ▁significantly ▁more ▁common ▁in ▁comb ination ▁with ▁1 q ▁2 1. 1 ▁de let ion ▁synd rome .	▁In▁the ▁genetic ▁area , ▁relations ▁have▁been▁found ▁between ▁aut ism ▁and▁s ch iz oph ren ia ▁based▁on ▁duplic ations▁and ▁delet ions▁of ▁chromos omes ; ▁research ▁showed▁that ▁sch iz oph ren ia ▁and▁a ut ism ▁are ▁significantly ▁more ▁common▁in ▁combination ▁with ▁1 q ▁21. 1 ▁delet ion ▁syndrome .	▁In▁the ▁genetic ▁area , ▁relations ▁have▁been▁found ▁between ▁aut ism ▁and▁s ch izophren ia ▁based▁on ▁duplic ations▁and ▁delet ions▁of ▁chromosomes ; ▁research ▁showed▁that ▁schizophrenia ▁and▁aut ism ▁are ▁significantly ▁more ▁common▁in ▁combination ▁with ▁1 q ▁21. 1 ▁delet ion ▁syndrome .	▁In▁the ▁genetic ▁area , ▁relations ▁have▁been▁found ▁between ▁aut ism ▁and▁s ch izophren ia ▁based▁on ▁duplic ations▁and ▁delet ions▁of ▁chromosomes ; ▁research ▁showed▁that ▁schizophrenia ▁and▁aut ism ▁are ▁significantly ▁more ▁common▁in ▁combination ▁with ▁1 q ▁21. 1 ▁deletion ▁syndrome .
60	-ed,-en,-es,-istic,-ive,-or,ab-,an-,aut-,be-,co-	Two major categories of cognitive theories have been proposed about the links between autistic brains and behavior.	▁Two ▁major ▁categories ▁of ▁c ogn itive ▁the ories ▁have▁been ▁propos ed▁about ▁the▁l ink s ▁between ▁aut istic ▁brain s▁and ▁behavior .	▁Two ▁major ▁categories ▁of ▁cognitive ▁theories ▁have▁been ▁propos ed▁about ▁the▁l ink s▁between ▁aut istic ▁brain s▁and ▁behavior .	▁Two ▁major ▁categories▁of ▁cognitive ▁theories ▁have▁been ▁propos ed▁about ▁the▁l ink s▁between ▁aut istic ▁brain s▁and ▁behavior .	▁Two ▁major ▁categories▁of ▁cognitive ▁theories ▁have▁been ▁propos ed▁about ▁the▁link s▁between ▁aut istic ▁brain s▁and ▁behavior .
61	-an,-ase,-ed,-eme,-er,-es,-in,-ing,-ion,-ism,-le,-ly,-ory,aut-,be-,de-,em-,ex-,hypo-,ind-,mal-,psycho-	An extension, the extreme male brain theory, hypothesizes that autism is an extreme case of the male brain, defined psychometrically as individuals in whom systemizing is better than empathizing.	▁An ▁extension , ▁the ▁extreme ▁male ▁brain ▁theory , ▁hy pot hes iz es▁that ▁aut ism ▁is▁an ▁extreme ▁case ▁of▁the ▁male ▁brain , ▁def ined ▁psych omet r ically ▁as ▁individual s▁in ▁whom ▁system iz ing▁is ▁better ▁than ▁emp ath izing .	▁An ▁extension , ▁the ▁extreme ▁male ▁brain ▁theory , ▁hypothes iz es▁that ▁aut ism ▁is▁an ▁extreme ▁case ▁of▁the ▁male ▁brain , ▁defined ▁psych omet rically ▁as ▁individual s▁in ▁whom ▁system iz ing▁is ▁better▁than ▁emp ath izing .	▁An ▁extension , ▁the ▁extreme ▁male ▁brain ▁theory , ▁hypothes iz es▁that ▁aut ism ▁is▁an ▁extreme ▁case ▁of▁the ▁male ▁brain , ▁defined ▁psych omet rically ▁as ▁individual s▁in ▁whom ▁system iz ing▁is ▁better▁than ▁emp ath izing .	▁An ▁extension , ▁the ▁extreme ▁male ▁brain ▁theory , ▁hypothes iz es▁that ▁aut ism ▁is▁an ▁extreme ▁case▁of▁the ▁male ▁brain , ▁defined ▁psych omet rically ▁as ▁individuals▁in ▁whom ▁system iz ing▁is ▁better▁than ▁emp ath izing .
62	-al,-ed,-es,-ing,-istic,-ity,-ly,-ory,an-,aut-,en-,ind-,re-,super-	A related theory — enhanced perceptual functioning — focuses more on the superiority of locally oriented and perceptual operations in autistic individuals.	▁A ▁rel ated▁the ory ▁— ▁en han ced ▁per cept ual ▁function ing ▁— ▁focus es ▁more ▁on▁the ▁super ior ity▁of ▁locally ▁orient ed▁and ▁per cept ual ▁operation s▁in ▁aut istic ▁individuals .	▁A ▁rel ated▁the ory ▁— ▁enhanced ▁percept ual ▁function ing ▁— ▁focus es ▁more ▁on▁the ▁superior ity▁of ▁locally ▁orient ed▁and ▁percept ual ▁operations▁in ▁aut istic ▁individuals .	▁A ▁rel ated▁the ory ▁— ▁enhanced ▁percept ual ▁functioning ▁— ▁focuses ▁more ▁on▁the ▁superior ity▁of ▁locally ▁orient ed▁and ▁percept ual ▁operations▁in ▁aut istic ▁individuals .	▁A ▁rel ated▁the ory ▁— ▁enhanced ▁perceptual ▁functioning ▁— ▁focuses ▁more ▁on▁the ▁superior ity▁of ▁locally ▁orient ed▁and ▁perceptual ▁operations▁in ▁aut istic ▁individuals .
63	-ation,-ed,-ial,-ic,-or,al-,an-,com-,dis-,inter-	The Diagnostic interview for social and communication disorders (DISCO) may also be used.	▁The▁D ia gn ost ic ▁interview ▁for ▁social ▁and ▁communication ▁dis orders ▁( D IS CO ) ▁may ▁also▁be ▁used .	▁The▁D ia gn ostic ▁interview ▁for ▁social ▁and ▁communication ▁disorders ▁( D IS CO ) ▁may▁also▁be ▁used .	▁The▁D ia gn ostic ▁interview ▁for ▁social▁and ▁communication ▁disorders ▁( D IS CO ) ▁may▁also▁be ▁used .	▁The▁D iagn ostic ▁interview ▁for ▁social▁and ▁communication ▁disorders ▁( D IS CO ) ▁may▁also▁be ▁used .
64	-en,-es,-in,-ing,-ion,-ity,-ment,-ome,-ose,-osis,-th,an-,be-,dia-,ex-,in-,over-,re-,sym-,un-	The increasing popularity of drug treatment options and the expansion of benefits has given providers incentives to diagnose ASD, resulting in some overdiagnosis of children with uncertain symptoms.	▁The ▁increasing ▁popular ity▁of ▁drug ▁treatment ▁opt ions ▁and▁the ▁expans ion▁of ▁benef its ▁has ▁given ▁provid ers ▁inc ent ives ▁to ▁diagn ose ▁A S D , ▁result ing▁in ▁some ▁over d ia gn osis ▁of ▁children ▁with ▁un cer tain ▁sym pt oms .	▁The ▁increasing ▁popular ity▁of ▁drug ▁treatment ▁options ▁and▁the ▁expansion▁of ▁benefits ▁has ▁given ▁providers ▁incent ives ▁to ▁diagn ose ▁AS D , ▁resulting▁in ▁some ▁over dia gn osis ▁of ▁children ▁with ▁uncertain ▁symptoms .	▁The ▁increasing ▁popularity▁of ▁drug ▁treatment ▁options ▁and▁the ▁expansion▁of ▁benefits ▁has▁given ▁providers ▁incentives ▁to ▁diagn ose ▁AS D , ▁resulting▁in ▁some ▁over dia gn osis ▁of ▁children▁with ▁uncertain ▁symptoms .	▁The ▁increasing ▁popularity▁of ▁drug ▁treatment ▁options ▁and▁the ▁expansion▁of ▁benefits ▁has▁given ▁providers ▁incentives ▁to ▁diagnose ▁AS D , ▁resulting▁in ▁some ▁over dia gn osis ▁of ▁children▁with ▁uncertain ▁symptoms .
65	-al,-ance,-ese,-ity,-ly,-ness,dis-,em-,im-,sym-	These symptoms do not imply sickness, fragility, or emotional disturbance.	▁These ▁sym pt oms ▁do▁not ▁imp ly ▁s ick ness , ▁frag ility , ▁or ▁emot ional ▁dist urb ance .	▁These ▁symptoms ▁do▁not ▁imply ▁sick ness , ▁frag ility , ▁or ▁emotional ▁disturb ance .	▁These ▁symptoms ▁do▁not ▁imply ▁sickness , ▁frag ility , ▁or ▁emotional ▁disturbance .	▁These ▁symptoms ▁do▁not ▁imply ▁sickness , ▁frag ility , ▁or ▁emotional ▁disturbance .
66	-al,-ative,-drome,-ed,-en,-er,-es,-est,-et,-fic,-hood,-ia,-ism,-ive,-ly,-or,-th,-wise,al-,an-,at-,aut-,dia-,dis-,for-,like-,other-,syn-,un-	"Of the five PDD forms, Asperger syndrome is closest to autism in signs and likely causes; Rett syndrome and childhood disintegrative disorder share several signs with autism, but may have unrelated causes; PDD not otherwise specified (PDD - NOS; also called ""atypical autism"") is diagnosed when the criteria are not met for a more specific disorder."	"▁Of ▁the ▁five ▁P D D ▁forms , ▁As per ger ▁synd rome ▁is ▁clos est ▁to▁a ut ism ▁in ▁sign s▁and ▁likely ▁causes ; ▁R ett ▁synd rome ▁and ▁childhood ▁dis in te g rative ▁dis order ▁share ▁several ▁sign s ▁with▁a ut ism , ▁but ▁may▁have ▁un rel ated ▁causes ; ▁P D D ▁not ▁otherwise ▁spec ified ▁( P D D ▁- ▁N OS ; ▁also ▁called ▁"" at yp ical ▁aut ism "") ▁is ▁diagn os ed ▁when▁the ▁crit eria ▁are▁not ▁met ▁for▁a ▁more ▁specific ▁dis order ."	"▁Of▁the ▁five ▁P D D ▁forms , ▁As per ger ▁syndrome ▁is ▁closest ▁to▁a ut ism▁in ▁sign s▁and ▁likely ▁causes ; ▁R ett ▁syndrome ▁and ▁childhood ▁disin teg rative ▁disorder ▁share ▁several ▁signs ▁with▁a ut ism , ▁but ▁may▁have ▁unrel ated ▁causes ; ▁P D D ▁not ▁otherwise ▁specified ▁( PD D ▁- ▁N OS ; ▁also▁called ▁"" at yp ical ▁aut ism "") ▁is ▁diagnos ed ▁when▁the ▁criteria ▁are▁not ▁met ▁for▁a ▁more ▁specific ▁disorder ."	"▁Of▁the ▁five ▁P DD ▁forms , ▁As per ger ▁syndrome ▁is ▁closest ▁to▁a ut ism▁in ▁sign s▁and ▁likely ▁causes ; ▁R ett ▁syndrome ▁and ▁childhood ▁disin teg rative ▁disorder ▁share ▁several ▁signs ▁with▁a ut ism , ▁but ▁may▁have ▁unrelated ▁causes ; ▁P DD ▁not ▁otherwise ▁specified ▁( PD D ▁- ▁N OS ; ▁also▁called ▁"" at yp ical ▁aut ism "") ▁is ▁diagnos ed ▁when▁the ▁criteria ▁are▁not ▁met ▁for▁a ▁more ▁specific ▁disorder ."	"▁Of▁the ▁five ▁P DD ▁forms , ▁As per ger ▁syndrome ▁is ▁closest ▁to▁a ut ism▁in ▁signs▁and ▁likely ▁causes ; ▁R ett ▁syndrome ▁and ▁childhood ▁disin teg rative ▁disorder ▁share ▁several ▁signs ▁with▁a utism , ▁but ▁may▁have ▁unrelated ▁causes ; ▁P DD ▁not ▁otherwise ▁specified ▁( PD D ▁- ▁N OS ; ▁also▁called ▁"" at ypical ▁aut ism "") ▁is ▁diagnosed ▁when▁the ▁criteria ▁are▁not ▁met ▁for▁a▁more ▁specific ▁disorder ."
67	-al,-an,-ar,-drome,-en,-ent,-er,-form,-ism,-ly,-ose,-th,an-,aut-,be-,co-,ex-,ind-,non-,over-,syn-,un-	Although individuals with Asperger syndrome tend to perform better cognitively than those with autism, the extent of the overlap between Asperger syndrome, HFA, and non-syndromal autism is unclear.	▁Although ▁individual s▁with ▁As per ger ▁synd rome ▁tend ▁to ▁perform ▁better ▁c ogn it ively ▁than ▁those ▁with▁a ut ism , ▁the ▁extent ▁of▁the ▁over la p ▁between ▁As per ger ▁synd rome , ▁H FA , ▁and ▁non - sy nd rom al ▁aut ism ▁is ▁unc lear .	▁Although ▁individual s▁with ▁As per ger ▁syndrome ▁tend ▁to▁perform ▁better ▁cogn itively ▁than ▁those ▁with▁a ut ism , ▁the ▁extent ▁of▁the ▁overlap ▁between ▁As per ger ▁syndrome , ▁H FA , ▁and▁non - sy nd rom al ▁aut ism ▁is ▁unclear .	▁Although ▁individual s▁with ▁As per ger ▁syndrome ▁tend ▁to▁perform ▁better ▁cogn itively ▁than▁those ▁with▁a ut ism , ▁the ▁extent ▁of▁the ▁overlap ▁between ▁As per ger ▁syndrome , ▁H FA , ▁and▁non - sy nd rom al ▁aut ism ▁is▁unclear .	▁Although ▁individual s▁with ▁As per ger ▁syndrome ▁tend ▁to▁perform ▁better ▁cogn itively ▁than▁those ▁with▁a utism , ▁the ▁extent▁of▁the ▁overlap ▁between ▁As per ger ▁syndrome , ▁H FA , ▁and▁non - sy nd rom al ▁aut ism ▁is▁unclear .
68	-al,-en,-ese,-fic,-ing,-ism,-or,al-,an-,aut-,for-,mon-	The Japanese practice is to screen all children for ASD at 18 and 24 months, using autism - specific formal screening tests.	▁The ▁Japanese ▁practice ▁is▁to ▁screen ▁all ▁children ▁for ▁A S D ▁at ▁18 ▁and ▁24 ▁months , ▁using▁a ut ism ▁- ▁specific ▁formal ▁screen ing ▁test s .	▁The▁Japanese ▁practice ▁is▁to ▁screen ▁all ▁children ▁for ▁AS D ▁at ▁18 ▁and ▁24 ▁months , ▁using▁a ut ism ▁- ▁specific ▁formal ▁screening ▁tests .	▁The▁Japanese ▁practice ▁is▁to ▁screen ▁all ▁children ▁for ▁AS D ▁at ▁18 ▁and ▁24 ▁months , ▁using▁a ut ism ▁- ▁specific ▁formal ▁screening ▁tests .	▁The▁Japanese ▁practice ▁is▁to ▁screen ▁all ▁children ▁for ▁AS D ▁at ▁18 ▁and ▁24 ▁months , ▁using▁a utism ▁- ▁specific ▁formal ▁screening ▁tests .
69	-ive,ap-	It is not known which approach is more effective.	▁It▁is ▁not ▁known ▁which ▁approach ▁is ▁more ▁effective .	▁It▁is▁not ▁known ▁which ▁approach ▁is▁more ▁effective .	▁It▁is▁not▁known ▁which ▁approach ▁is▁more ▁effective .	▁It▁is▁not▁known ▁which ▁approach ▁is▁more ▁effective .
70	-al,-ar,-ed,-en,-es,-est,-ial,-ing,-ism,-ist,-istic,-ity,-ly,-or,-ory,-st,ag-,an-,be-,in-,mon-,pre-,to-	Screening tools include the Modified Checklist for Autism in Toddlers (M- CHAT), the Early Screening of Autistic Traits Questionnaire, and the First Year Inventory; initial data on M - CHAT and its predecessor, the Checklist for Autism in Toddlers (CHAT), on children aged 18 – 30 months suggests that it is best used in a clinical setting and that it has low sensitivity (many false - negatives) but good specificity (few false - positives).	▁Sc reen ing▁to ols ▁include ▁the▁M od ified ▁Che ck list ▁for ▁Aut ism ▁in▁T od d lers ▁( M - ▁C H AT ), ▁the ▁Early ▁Sc reen ing▁of ▁Aut istic ▁Tra its ▁Qu est ion na ire , ▁and▁the ▁First ▁Year ▁In vent ory ; ▁initial ▁data ▁on ▁M ▁- ▁C H AT ▁and▁its ▁predecess or , ▁the ▁Che ck list ▁for ▁Aut ism ▁in▁T od d lers ▁( C H AT ), ▁on ▁children ▁aged ▁18 ▁– ▁30 ▁months ▁suggest s▁that ▁it▁is ▁best ▁us ed▁in▁a ▁clin ical ▁sett ing▁and ▁that▁it ▁has ▁low ▁sens it ivity ▁( man y ▁fal se ▁- ▁neg atives ) ▁but ▁good ▁specific ity ▁( f ew ▁fal se ▁- ▁pos it ives ).	▁Screen ing▁to ols ▁include ▁the▁M od ified ▁Che ck list ▁for ▁Aut ism ▁in▁T odd lers ▁( M - ▁CH AT ), ▁the ▁Early ▁Screen ing▁of ▁Aut istic ▁Tra its ▁Quest ion na ire , ▁and▁the ▁First ▁Year ▁In vent ory ; ▁initial ▁data ▁on ▁M ▁- ▁CH AT ▁and▁its ▁predecessor , ▁the ▁Che ck list ▁for ▁Aut ism ▁in▁T odd lers ▁( CH AT ), ▁on ▁children ▁aged ▁18 ▁– ▁30 ▁months ▁suggests▁that ▁it▁is ▁best ▁us ed▁in▁a ▁clinical ▁sett ing▁and ▁that▁it ▁has ▁low ▁sens itivity ▁( man y ▁false ▁- ▁neg atives ) ▁but ▁good ▁specific ity ▁( f ew ▁false ▁- ▁pos it ives ).	▁Screen ing▁to ols ▁include ▁the▁M od ified ▁Check list ▁for ▁Aut ism ▁in▁T odd lers ▁( M - ▁CH AT ), ▁the ▁Early ▁Screen ing▁of ▁Aut istic ▁Tra its ▁Question naire , ▁and▁the ▁First ▁Year ▁Invent ory ; ▁initial ▁data ▁on▁M ▁- ▁CH AT ▁and▁its ▁predecessor , ▁the ▁Check list ▁for ▁Aut ism ▁in▁T odd lers ▁( CH AT ), ▁on ▁children ▁aged ▁18 ▁– ▁30 ▁months ▁suggests▁that ▁it▁is ▁best ▁used▁in▁a ▁clinical ▁sett ing▁and ▁that▁it ▁has ▁low ▁sensitivity ▁( many ▁false ▁- ▁neg atives ) ▁but ▁good ▁specific ity ▁( few ▁false ▁- ▁pos itives ).	▁Screen ing▁tools ▁include ▁the▁M od ified ▁Check list ▁for ▁Aut ism ▁in▁T odd lers ▁( M - ▁CH AT ), ▁the ▁Early ▁Screen ing▁of ▁Aut istic ▁Tra its ▁Question naire , ▁and▁the ▁First ▁Year ▁Inventory ; ▁initial ▁data ▁on▁M ▁- ▁CH AT ▁and▁its ▁predecessor , ▁the ▁Check list ▁for ▁Aut ism ▁in▁T odd lers ▁( CH AT ), ▁on ▁children▁aged ▁18 ▁–▁30 ▁months ▁suggests▁that ▁it▁is ▁best ▁used▁in▁a ▁clinical ▁setting▁and ▁that▁it▁has ▁low ▁sensitivity ▁( many ▁false ▁- ▁negatives ) ▁but ▁good ▁specificity ▁( few ▁false ▁- ▁pos itives ).
71	-al,-ate,-er,-es,-ese,-ish,-th,ac-,de-,dis-,pre-	It may be more accurate to precede these tests with a broadband screener that does not distinguish ASD from other developmental disorders.	▁It ▁may▁be ▁more ▁accur ate ▁to ▁preced e ▁these ▁test s ▁with▁a ▁broad band ▁sc re ener ▁that ▁does▁not ▁distingu ish ▁A S D ▁from▁other ▁development al ▁dis orders .	▁It ▁may▁be ▁more ▁accur ate▁to ▁preced e ▁these ▁tests ▁with▁a ▁broad band ▁sc re ener ▁that ▁does▁not ▁distinguish ▁AS D ▁from▁other ▁developmental ▁disorders .	▁It▁may▁be ▁more ▁accur ate▁to ▁preced e ▁these ▁tests ▁with▁a ▁broadband ▁sc re ener ▁that▁does▁not ▁distinguish ▁AS D ▁from▁other ▁developmental ▁disorders .	▁It▁may▁be ▁more ▁accur ate▁to ▁preced e ▁these ▁tests ▁with▁a ▁broadband ▁sc re ener ▁that▁does▁not ▁distinguish ▁AS D ▁from▁other ▁developmental ▁disorders .
72	-al,-ed,-er,-es,-ment,-ness,-th,an-,cor-,gen-,im-,out-,re-	In general, higher IQs are correlated with greater responsiveness to treatment and improved treatment outcomes.	▁In ▁general , ▁higher ▁I Q s▁are ▁cor rel ated▁with ▁greater ▁respons iven ess ▁to ▁treatment ▁and ▁improved ▁treatment ▁out com es .	▁In▁general , ▁higher ▁I Q s▁are ▁correl ated▁with ▁greater ▁respons iveness ▁to ▁treatment ▁and ▁improved ▁treatment ▁outcom es .	▁In▁general , ▁higher ▁IQ s▁are ▁correl ated▁with ▁greater ▁respons iveness ▁to ▁treatment ▁and ▁improved ▁treatment ▁outcomes .	▁In▁general , ▁higher ▁IQ s▁are ▁correlated▁with ▁greater ▁respons iveness ▁to ▁treatment▁and ▁improved ▁treatment ▁outcomes .
73	-ation,-en,-ent,-er,-ious,-ly,-ome,-ped,-tion,be-,de-,ex-,im-,inter-,par-	Various DSP programs have been developed to explicitly deliver intervention systems through at - home parent implementation.	▁Var ious ▁D SP ▁programs ▁have▁been ▁develop ed▁to ▁ex plicit ly ▁deliver ▁inter vention ▁systems ▁through ▁at ▁- ▁home ▁parent ▁implement ation .	▁Various ▁D SP ▁programs ▁have▁been ▁develop ed▁to ▁explicitly ▁deliver ▁intervention ▁systems ▁through ▁at ▁- ▁home ▁parent ▁implementation .	▁Various ▁D SP ▁programs ▁have▁been ▁developed▁to ▁explicitly ▁deliver ▁intervention ▁systems ▁through ▁at ▁- ▁home ▁parent ▁implementation .	▁Various ▁D SP ▁programs ▁have▁been ▁developed▁to ▁explicitly ▁deliver ▁intervention ▁systems ▁through ▁at ▁- ▁home ▁parent ▁implementation .
74	-able,-ant,-arch,-ness,-or,-th,-ty,ab-,ad-,an-,re-	There is scant reliable research about the effectiveness or safety of drug treatments for adolescents and adults with ASD.	▁There▁is ▁sc ant ▁rel iable ▁research ▁about▁the ▁effect iven ess ▁or ▁saf et y▁of ▁drug ▁treatment s▁for ▁ad oles cent s▁and ▁adult s▁with ▁A S D .	▁There▁is ▁sc ant ▁reliable ▁research ▁about▁the ▁effectiveness ▁or ▁saf et y▁of ▁drug ▁treatment s▁for ▁adoles cent s▁and ▁adult s▁with ▁AS D .	▁There▁is ▁sc ant ▁reliable ▁research ▁about▁the ▁effectiveness ▁or ▁saf ety▁of ▁drug ▁treatment s▁for ▁adolescent s▁and ▁adult s▁with ▁AS D .	▁There▁is ▁scant ▁reliable ▁research ▁about▁the ▁effectiveness ▁or ▁safety▁of ▁drug ▁treatment s▁for ▁adolescent s▁and ▁adult s▁with ▁AS D .
75	-ative,-ence,-er,-ine,-ing,-pathy,-th,-ture,al-,an-,de-,homeo-	Another alternative medicine practice with no evidence is CEASE therapy, a mixture of homeopathy, supplements, and 'vaccine detoxing '.	▁Another ▁alternative ▁medicine ▁practice ▁with▁no ▁evidence ▁is ▁CE AS E ▁the rapy , ▁a▁m ix t ure▁of ▁home op ath y , ▁sup ple ments , ▁and ▁' v acc ine ▁det ox ing ▁' .	▁Another ▁alternative ▁medicine ▁practice ▁with▁no ▁evidence ▁is ▁CE AS E ▁therapy , ▁a▁m ixt ure▁of ▁home op athy , ▁sup ple ments , ▁and ▁' v acc ine ▁det ox ing ▁'.	▁Another ▁alternative ▁medicine ▁practice ▁with▁no ▁evidence ▁is ▁CE AS E ▁therapy , ▁a▁mixture▁of ▁home opathy , ▁supplements , ▁and ▁' v acc ine ▁det ox ing ▁'.	▁Another ▁alternative ▁medicine ▁practice ▁with▁no ▁evidence ▁is ▁CE AS E ▁therapy , ▁a▁mixture▁of ▁home opathy , ▁supplements , ▁and ▁' v acc ine ▁det ox ing ▁'.
76	-an,-er,-es,-est,-ible,-in,-ing,-ism,-on,-th,-ture,ab-,an-,aut-,de-,in-	Rain Man, a film that won 4 Oscars including Best Picture, depicts a character with autism who has incredible talents and abilities.	"▁"" R ain ▁Man "", ▁a ▁film ▁that ▁won ▁4 ▁O sc ars ▁including ▁Best ▁Pict ure , ▁dep ic ts ▁a ▁character ▁with▁a ut ism ▁who▁has ▁inc red ible ▁talent s▁and ▁ab ilities ."	"▁"" R ain ▁Man "", ▁a ▁film ▁that ▁won ▁4 ▁O sc ars ▁including ▁Best ▁Picture , ▁depicts ▁a ▁character ▁with▁a ut ism ▁who▁has ▁incred ible ▁talent s▁and ▁abilities ."	"▁"" Rain ▁Man "", ▁a▁film ▁that ▁won ▁4 ▁O sc ars ▁including ▁Best ▁Picture , ▁depicts ▁a▁character ▁with▁a ut ism ▁who▁has ▁incredible ▁talent s▁and ▁abilities ."	"▁"" Rain ▁Man "", ▁a▁film ▁that ▁won ▁4 ▁Osc ars ▁including▁Best ▁Picture , ▁depicts ▁a▁character ▁with▁a utism ▁who▁has ▁incredible ▁talent s▁and ▁abilities ."
77	-ive,-ment,co-,ex-,ind-	Treatment is expensive; indirect costs are more so.	▁Treat ment ▁is ▁exp ensive ; ▁ind irect ▁cost s▁are ▁more ▁so .	▁Treat ment ▁is ▁expensive ; ▁indirect ▁cost s▁are ▁more ▁so .	▁Treatment ▁is ▁expensive ; ▁indirect ▁cost s▁are▁more ▁so .	▁Treatment ▁is ▁expensive ; ▁indirect ▁cost s▁are▁more ▁so .
78	-ate,-er,-es,-ey,-hood,-ial,-ing,-ity,-ment,an-,in-,is-,re-,sex-	After childhood, key treatment issues include residential care, job training and placement, sexuality, social skills, and estate planning.	▁After ▁childhood , ▁key ▁treatment ▁issues ▁include ▁residential ▁care , ▁job ▁train ing▁and ▁place ment , ▁sexual ity , ▁social ▁skills , ▁and ▁estate ▁plann ing .	▁After ▁childhood , ▁key ▁treatment ▁issues ▁include ▁residential ▁care , ▁job ▁training▁and ▁placement , ▁sexuality , ▁social ▁skills , ▁and ▁estate ▁planning .	▁After ▁childhood , ▁key ▁treatment ▁issues ▁include ▁residential ▁care , ▁job ▁training▁and ▁placement , ▁sexuality , ▁social ▁skills , ▁and ▁estate ▁planning .	▁After ▁childhood , ▁key ▁treatment ▁issues ▁include ▁residential ▁care , ▁job ▁training▁and ▁placement , ▁sexuality , ▁social ▁skills , ▁and ▁estate ▁planning .
79	-en,-er,-es,-ey,-ive,-ly,-ment,-ose,-osis,af-,an-,dia-,in-,re-	Children recover occasionally, so that they lose their diagnosis of ASD; this occurs sometimes after intensive treatment and sometimes not.	▁Children ▁recover ▁occasionally , ▁so ▁that▁they ▁l ose ▁their ▁diagn osis ▁of▁A S D ; ▁this ▁occurs ▁sometimes ▁after ▁int ensive ▁treatment ▁and▁s ometimes ▁not .	▁Children ▁recover ▁occasionally , ▁so▁that▁they ▁lose ▁their ▁diagnosis ▁of▁A SD ; ▁this ▁occurs ▁sometimes ▁after ▁intensive ▁treatment ▁and▁sometimes ▁not .	▁Children ▁recover ▁occasionally , ▁so▁that▁they ▁lose ▁their ▁diagnosis ▁of▁A SD ; ▁this ▁occurs ▁sometimes ▁after ▁intensive ▁treatment ▁and▁sometimes ▁not .	▁Children ▁recover ▁occasionally , ▁so▁that▁they ▁lose▁their ▁diagnosis ▁of▁A SD ; ▁this ▁occurs ▁sometimes ▁after ▁intensive ▁treatment ▁and▁sometimes ▁not .
80	-ation,-en,-es,-ful,-ial,-ism,-ment,-st,-th,-ture,aut-,de-,em-,re-	Most children with autism lack social support, meaningful relationships, future employment opportunities or self - determination.	▁Most ▁children ▁with▁a ut ism ▁lack ▁social ▁support , ▁meaning ful ▁relationship s , ▁future ▁employment ▁opportunities ▁or ▁self ▁- ▁determ ination .	▁Most ▁children ▁with▁a ut ism ▁lack ▁social ▁support , ▁meaningful ▁relationships , ▁future ▁employment ▁opportunities ▁or ▁self ▁- ▁determination .	▁Most ▁children ▁with▁a ut ism ▁lack ▁social ▁support , ▁meaningful ▁relationships , ▁future ▁employment ▁opportunities ▁or ▁self ▁- ▁determination .	▁Most ▁children ▁with▁a utism ▁lack ▁social ▁support , ▁meaningful ▁relationships , ▁future ▁employment ▁opportunities ▁or ▁self ▁- ▁determination .
81	-ation,-cline,-ed,-er,-est,-ism,-ment,-ome,ad-,af-,aut-,com-,dec-,im-,mid-	Some adults show modest improvement in communication skills, but a few decline; no study has focused on autism after midlife.	▁Some ▁adult s ▁show ▁mod est ▁improv ement ▁in ▁communication ▁skills , ▁but ▁a▁few ▁decline ; ▁no ▁study ▁has ▁focused▁on ▁aut ism ▁after ▁mid life .	▁Some ▁adults ▁show ▁modest ▁improvement ▁in ▁communication ▁skills , ▁but ▁a▁few ▁decline ; ▁no ▁study ▁has ▁focused▁on ▁aut ism ▁after ▁mid life .	▁Some ▁adults ▁show ▁modest ▁improvement ▁in ▁communication ▁skills , ▁but ▁a▁few ▁decline ; ▁no ▁study ▁has ▁focused▁on ▁aut ism ▁after ▁mid life .	▁Some ▁adults ▁show ▁modest ▁improvement▁in ▁communication ▁skills , ▁but▁a▁few ▁decline ; ▁no ▁study ▁has ▁focused▁on ▁aut ism ▁after ▁mid life .
82	-drome,-ed,-er,-ile,-ion,-ism,-le,-ly,af-,aut-,milli-,syn-	Globally, autism affects an estimated 24.8 million people as of 2015, while Asperger syndrome affects a further 37.2 million.	▁Gl ob ally , ▁aut ism ▁affect s ▁an ▁estimated ▁2 4. 8 ▁million ▁people ▁as▁of ▁2015, ▁while ▁As per ger ▁synd rome ▁affect s ▁a▁f urther ▁3 7. 2 ▁million .	▁Gl ob ally , ▁aut ism ▁affect s▁an ▁estimated ▁24. 8 ▁million▁people ▁as▁of ▁2015, ▁while ▁As per ger ▁syndrome ▁affect s ▁a▁further ▁37. 2 ▁million .	▁Glob ally , ▁aut ism ▁affect s▁an ▁estimated ▁24. 8 ▁million▁people ▁as▁of ▁2015, ▁while ▁As per ger ▁syndrome ▁affects ▁a▁further ▁37. 2 ▁million .	▁Glob ally , ▁aut ism ▁affect s▁an ▁estimated ▁24. 8 ▁million▁people ▁as▁of ▁2015, ▁while ▁As per ger ▁syndrome ▁affects ▁a▁further ▁37. 2 ▁million .
83	-ative,-drome,-ed,-en,-er,-es,-hood,-ly,an-,be-,dis-,syn-	Rates of PDD - NOS's has been estimated at 3.7 per 1,000, Asperger syndrome at roughly 0.6 per 1,000, and childhood disintegrative disorder at 0.02 per 1,000.	▁R ates ▁of▁P D D ▁- ▁N OS ' s ▁has▁been ▁estimated ▁at ▁3. 7 ▁per ▁1, 00 0, ▁As per ger ▁synd rome ▁at ▁roughly ▁0. 6 ▁per ▁1, 00 0, ▁and ▁childhood ▁dis in te g rative ▁dis order ▁at ▁0. 0 2 ▁per ▁1, 000.	▁R ates ▁of▁P D D ▁- ▁N OS ' s ▁has▁been ▁estimated▁at ▁3. 7 ▁per ▁1, 000, ▁As per ger ▁syndrome ▁at ▁roughly ▁0. 6 ▁per ▁1, 000, ▁and ▁childhood ▁disin teg rative ▁disorder ▁at ▁0.0 2 ▁per ▁1, 000.	▁R ates ▁of▁P DD ▁- ▁N OS ' s ▁has▁been ▁estimated▁at ▁3.7 ▁per ▁1, 000, ▁As per ger ▁syndrome ▁at ▁roughly ▁0.6 ▁per ▁1, 000, ▁and ▁childhood ▁disin teg rative ▁disorder ▁at ▁0.0 2 ▁per ▁1, 000.	▁R ates ▁of▁P DD ▁- ▁N OS ' s ▁has▁been ▁estimated▁at ▁3.7 ▁per ▁1, 000, ▁As per ger ▁syndrome ▁at ▁roughly ▁0.6 ▁per ▁1, 000, ▁and ▁childhood ▁disin teg rative ▁disorder ▁at ▁0.0 2 ▁per ▁1, 000.
84	-able,-ad,-al,-ase,-ed,-ence,-es,-est,-ibility,-ics,-ing,-tion,-ule,-ward,an-,at-,aut-,con-,di-,en-,gen-,in-,pre-,re-,to-	The available evidence does not rule out the possibility that autism's true prevalence has increased; a real increase would suggest directing more attention and funding toward changing environmental factors instead of continuing to focus on genetics.	▁The ▁available ▁evidence ▁does▁not ▁rule ▁out ▁the ▁possibility ▁that ▁aut ism ' s ▁true ▁pre val ence ▁has ▁increased ; ▁a ▁real ▁increase ▁would ▁suggest ▁direct ing ▁more ▁attention ▁and▁f und ing▁to ward ▁chang ing ▁environmental ▁factor s▁in stead ▁of ▁continu ing▁to ▁focus ▁on ▁gen et ics .	▁The ▁available ▁evidence ▁does▁not ▁rule ▁out▁the ▁possibility ▁that ▁aut ism ' s ▁true ▁preval ence ▁has ▁increased ; ▁a ▁real ▁increase ▁would ▁suggest ▁directing ▁more ▁attention ▁and▁f und ing▁to ward ▁changing ▁environmental ▁factor s▁instead ▁of ▁continuing▁to ▁focus▁on ▁gen etics .	▁The ▁available ▁evidence ▁does▁not ▁rule ▁out▁the ▁possibility ▁that ▁aut ism ' s▁true ▁prevalence ▁has▁increased ; ▁a▁real ▁increase ▁would ▁suggest ▁directing ▁more ▁attention ▁and▁fund ing▁toward ▁changing ▁environmental ▁factor s▁instead▁of ▁continuing▁to ▁focus▁on ▁genetics .	▁The ▁available ▁evidence ▁does▁not ▁rule ▁out▁the ▁possibility ▁that ▁aut ism ' s▁true ▁prevalence ▁has▁increased ; ▁a▁real ▁increase ▁would ▁suggest ▁directing ▁more ▁attention ▁and▁fund ing▁toward ▁changing ▁environmental ▁factor s▁instead▁of ▁continuing▁to ▁focus▁on ▁genetics .
85	-ability,-an,-ase,-ation,-en,-er,-etic,-ey,-ial,-ism,-ome,-ry,-th,an-,aut-,ex-,gen-,hypo-,in-	The risk is greater with older fathers than with older mothers; two potential explanations are the known increase in mutation burden in older sperm, and the hypothesis that men marry later if they carry genetic liability and show some signs of autism.	▁The ▁risk ▁is ▁greater ▁with ▁older ▁father s ▁than ▁with ▁older ▁mother s ; ▁two ▁potential ▁expl an ations ▁are▁the ▁known ▁increase ▁in ▁mut ation ▁bur den ▁in ▁older ▁s per m , ▁and▁the ▁hy pot hesis ▁that ▁men ▁marry ▁later ▁if ▁they ▁carry ▁gen etic ▁l i ability ▁and ▁show ▁some ▁sign s▁of ▁aut ism .	▁The ▁risk ▁is ▁greater ▁with ▁older ▁father s ▁than ▁with ▁older ▁mother s ; ▁two ▁potential ▁explan ations ▁are▁the ▁known ▁increase▁in ▁mut ation ▁burden ▁in ▁older ▁s perm , ▁and▁the ▁hypothesis ▁that ▁men ▁marry ▁later ▁if▁they ▁carry ▁genetic ▁liability ▁and ▁show ▁some ▁signs▁of ▁aut ism .	▁The ▁risk ▁is ▁greater ▁with ▁older ▁fathers ▁than ▁with ▁older ▁mothers ; ▁two ▁potential ▁explanations ▁are▁the ▁known ▁increase▁in ▁mutation ▁burden ▁in ▁older ▁sperm , ▁and▁the ▁hypothesis ▁that ▁men ▁marry ▁later ▁if▁they ▁carry ▁genetic ▁liability ▁and▁show ▁some ▁signs▁of ▁aut ism .	▁The ▁risk ▁is ▁greater ▁with ▁older ▁fathers ▁than ▁with ▁older ▁mothers ; ▁two ▁potential ▁explanations ▁are▁the ▁known ▁increase▁in ▁mutation ▁burden ▁in ▁older ▁sperm , ▁and▁the ▁hypothesis ▁that ▁men ▁marry ▁later ▁if▁they ▁carry ▁genetic ▁liability ▁and▁show ▁some ▁signs▁of ▁aut ism .
86	-ate,-hood,-ism,-or,-phrenia,aut-,di-,schizo-,to-,un-	It took until 1980 for the DSM - III to differentiate autism from childhood schizophrenia.	▁It ▁took ▁until ▁1980 ▁for▁the ▁D S M ▁- ▁III ▁to ▁different iate ▁aut ism ▁from ▁childhood ▁sch iz oph ren ia .	▁It ▁took ▁until ▁1980 ▁for▁the ▁DS M ▁- ▁III ▁to ▁different iate ▁aut ism ▁from ▁childhood ▁sch iz oph ren ia .	▁It▁took ▁until ▁1980 ▁for▁the ▁DS M ▁- ▁III ▁to ▁differentiate ▁aut ism ▁from ▁childhood ▁schizophrenia .	▁It▁took ▁until ▁1980 ▁for▁the ▁DS M ▁- ▁III ▁to ▁differentiate ▁aut ism ▁from ▁childhood ▁schizophrenia .
87	-ance,-ed,al-,de-,ir-,re-	Surface albedo is defined as the ratio of irradiance reflected to the irradiance received by a surface.	▁Sur face ▁al b ed o ▁is ▁def ined ▁as▁the ▁ratio ▁of ▁ir rad iance ▁reflect ed▁to▁the ▁ir rad iance ▁receiv ed▁by ▁a▁s ur face .	▁Sur face ▁alb edo ▁is ▁defined ▁as▁the ▁ratio▁of ▁ir rad iance ▁reflect ed▁to▁the ▁ir rad iance ▁received▁by ▁a▁sur face .	▁Surface ▁albedo ▁is ▁defined▁as▁the ▁ratio▁of ▁ir rad iance ▁reflect ed▁to▁the ▁ir rad iance ▁received▁by ▁a▁surface .	▁Surface ▁albedo ▁is ▁defined▁as▁the ▁ratio▁of ▁irrad iance ▁reflect ed▁to▁the ▁irrad iance ▁received▁by ▁a▁surface .
88	-al,-ar,-ation,-ed,-es,-ing,-ly,-tion,-ular,al-,an-,de-,dis-,on-,radi-,re-	The proportion reflected is not only determined by properties of the surface itself, but also by the spectral and angular distribution of solar radiation reaching the Earth's surface.	▁The ▁proport ion ▁reflect ed ▁is▁not ▁only ▁determin ed▁by ▁properties ▁of▁the ▁surface ▁itself , ▁but▁also ▁by▁the ▁spect ral ▁and▁an g ular ▁distribution ▁of ▁sol ar ▁rad iation ▁reach ing▁the ▁Earth ' s ▁surface .	▁The ▁proportion ▁reflect ed ▁is▁not ▁only ▁determined▁by ▁properties ▁of▁the ▁surface ▁itself , ▁but▁also ▁by▁the ▁spect ral ▁and▁an g ular ▁distribution▁of ▁solar ▁radiation ▁reaching▁the ▁Earth ' s ▁surface .	▁The ▁proportion ▁reflected ▁is▁not ▁only ▁determined▁by ▁properties ▁of▁the ▁surface ▁itself , ▁but▁also ▁by▁the ▁spectral ▁and▁an g ular ▁distribution▁of ▁solar ▁radiation ▁reaching▁the ▁Earth ' s▁surface .	▁The ▁proportion ▁reflected ▁is▁not▁only ▁determined▁by ▁properties ▁of▁the ▁surface ▁itself , ▁but▁also ▁by▁the ▁spectral ▁and▁an g ular ▁distribution▁of ▁solar ▁radiation ▁reaching▁the ▁Earth ' s▁surface .
89	-al,-ance,-ed,-es,-ite,al-,an-,hemi-,re-	Directional - hemispherical reflectance is sometimes referred to as black - sky albedo and bi- hemispherical reflectance as white - sky albedo.	▁D ire ction al ▁- ▁he m is p her ical ▁reflect ance ▁is ▁sometimes ▁referred▁to▁as ▁black ▁- ▁sk y ▁al b ed o▁and ▁bi - ▁he m is p her ical ▁reflect ance ▁as ▁white ▁- ▁sk y ▁al b ed o .	▁D irection al ▁- ▁hem isp herical ▁reflect ance ▁is▁sometimes ▁referred▁to▁as ▁black ▁- ▁sky ▁al bed o▁and ▁bi - ▁hem isp herical ▁reflect ance ▁as ▁white ▁- ▁sky ▁alb edo .	▁Direction al ▁- ▁hem isp herical ▁reflect ance ▁is▁sometimes ▁referred▁to▁as ▁black ▁- ▁sky ▁al bed o▁and ▁bi - ▁hem isp herical ▁reflect ance ▁as ▁white ▁- ▁sky ▁albedo .	▁Direction al ▁- ▁hemisp herical ▁reflect ance ▁is▁sometimes ▁referred▁to▁as ▁black ▁- ▁sky ▁al bed o▁and ▁bi - ▁hemisp herical ▁reflect ance ▁as ▁white ▁- ▁sky ▁albedo .
90	-al,-an,-ate,-ation,-er,-est,al-,an-,counter-,fore-,in-,sub-	Tropical and sub-tropical rainforest areas have low albedo, and are much hotter than their temperate forest counterparts, which have lower insolation.	▁T ropical ▁and ▁sub - t ropical ▁rain fore st ▁areas ▁have ▁low ▁al b ed o , ▁and▁are ▁much ▁hot ter ▁than ▁their ▁temper ate ▁forest ▁counter part s , ▁which ▁have ▁lower ▁ins ol ation .	▁Tropical ▁and ▁sub - t ropical ▁rainforest ▁areas ▁have ▁low ▁alb edo , ▁and▁are ▁much ▁hot ter ▁than ▁their ▁temperate ▁forest ▁counterparts , ▁which▁have ▁lower ▁ins ol ation .	▁Tropical ▁and▁sub - tropical ▁rainforest ▁areas ▁have ▁low ▁albedo , ▁and▁are ▁much ▁hot ter ▁than▁their ▁temperate ▁forest ▁counterparts , ▁which▁have ▁lower ▁ins olation .	▁Tropical ▁and▁sub - tropical ▁rainforest ▁areas ▁have ▁low ▁albedo , ▁and▁are ▁much ▁hot ter ▁than▁their ▁temperate ▁forest ▁counterparts , ▁which▁have ▁lower ▁ins olation .
91	-ably,-an,-ase,-ey,-ic,-ling,-ly,-th,abs-,co-,in-,re-	Arctic regions notably release more heat back into space than what they absorb, effectively cooling the Earth.	▁Ar ctic ▁regions ▁notably ▁release ▁more ▁heat ▁back ▁into ▁space ▁than ▁what ▁they ▁abs orb , ▁effectively ▁cool ing▁the ▁Earth .	▁Arctic ▁regions ▁notably ▁release ▁more ▁heat ▁back▁into ▁space ▁than ▁what▁they ▁absorb , ▁effectively ▁cool ing▁the ▁Earth .	▁Arctic ▁regions ▁notably ▁release ▁more ▁heat ▁back▁into ▁space ▁than ▁what▁they ▁absorb , ▁effectively ▁cool ing▁the ▁Earth .	▁Arctic ▁regions ▁notably ▁release ▁more ▁heat ▁back▁into ▁space ▁than ▁what▁they ▁absorb , ▁effectively ▁cool ing▁the ▁Earth .
92	-al,-ation,-er,-es,-ic,-ing,-le,-ly,an-,be-,di-,in-	However, because local weather is dynamic due to the change of seasons, eventually warm air masses and a more direct angle of sunlight (higher insolation) cause melting.	▁However , ▁because ▁local ▁weather ▁is ▁dyn amic ▁due▁to▁the ▁change ▁of ▁seasons , ▁eventually ▁warm ▁air ▁mass es ▁and▁a ▁more ▁direct ▁ang le▁of ▁sun light ▁( h ig her ▁ins ol ation ) ▁cause ▁m elt ing .	▁However , ▁because ▁local ▁weather ▁is ▁dynamic ▁due▁to▁the ▁change▁of ▁seasons , ▁eventually ▁warm ▁air ▁mass es ▁and▁a ▁more ▁direct ▁ang le▁of ▁sun light ▁( h igher ▁ins ol ation ) ▁cause ▁melt ing .	▁However , ▁because ▁local ▁weather ▁is ▁dynamic ▁due▁to▁the ▁change▁of ▁seasons , ▁eventually ▁warm ▁air ▁masses ▁and▁a ▁more ▁direct ▁angle▁of ▁sunlight ▁( h igher ▁ins olation ) ▁cause ▁melting .	▁However , ▁because ▁local ▁weather ▁is ▁dynamic ▁due▁to▁the ▁change▁of ▁seasons , ▁eventually ▁warm ▁air ▁masses ▁and▁a▁more ▁direct ▁angle▁of ▁sunlight ▁( h igher ▁ins olation ) ▁cause ▁melting .
93	-es,-ing,-ite,-ry,-st,al-,an-,con-,re-	Cryoconite, powdery windblown dust containing soot, sometimes reduces albedo on glaciers and ice sheets.	▁C ry oc on ite , ▁pow der y ▁wind bl own ▁d ust ▁containing ▁s oot , ▁sometimes ▁reduc es ▁al b ed o ▁on ▁g la ci ers▁and ▁ice ▁she ets .	▁Cry ocon ite , ▁powder y ▁wind bl own ▁dust ▁containing ▁s oot , ▁sometimes ▁reduc es ▁alb edo ▁on ▁gla ci ers▁and ▁ice ▁she ets .	▁Cry ocon ite , ▁powder y ▁wind bl own ▁dust ▁containing ▁s oot , ▁sometimes ▁reduces ▁albedo ▁on ▁gla ci ers▁and ▁ice ▁sheets .	▁Cry ocon ite , ▁powder y ▁wind bl own ▁dust ▁containing ▁s oot , ▁sometimes ▁reduces ▁albedo ▁on ▁glaci ers▁and ▁ice ▁sheets .
94	-al,-ase,-ation,-en,-er,-et,-ling,-or,-th,-tion,al-,co-,de-,en-,ever-,fore-,re-	In the case of evergreen forests with seasonal snow cover albedo reduction may be great enough for deforestation to cause a net cooling effect.	▁In▁the ▁case ▁of ▁ever g reen ▁forest s▁with ▁season al ▁snow ▁cover ▁al b ed o ▁reduction ▁may▁be ▁great ▁enough ▁for ▁de fore st ation▁to ▁cause ▁a ▁n et ▁cool ing ▁effect .	▁In▁the ▁case▁of ▁ever green ▁forest s▁with ▁seasonal ▁snow ▁cover ▁alb edo ▁reduction ▁may▁be ▁great ▁enough ▁for ▁de forest ation▁to ▁cause ▁a ▁net ▁cool ing ▁effect .	▁In▁the▁case▁of ▁evergreen ▁forest s▁with ▁seasonal ▁snow ▁cover ▁albedo ▁reduction ▁may▁be ▁great ▁enough▁for ▁deforest ation▁to ▁cause ▁a ▁net ▁cooling ▁effect .	▁In▁the▁case▁of ▁evergreen ▁forest s▁with ▁seasonal ▁snow ▁cover ▁albedo ▁reduction ▁may▁be ▁great ▁enough▁for ▁deforest ation▁to ▁cause ▁a ▁net ▁cooling ▁effect .
95	-an,-ar,-er,-ic,-ide,-ing,-on,al-,bi-,carbo-,di-	Black carbon is a bigger cause of the melting of the polar ice cap in the Arctic than carbon dioxide due to its effect on the albedo.	▁Black ▁carbon ▁is▁a ▁big ger ▁cause ▁of▁the ▁m elt ing▁of▁the ▁pol ar ▁ice ▁cap ▁in▁the ▁Ar ctic ▁than ▁carbon ▁d io x ide ▁due▁to ▁its ▁effect ▁on▁the ▁al b ed o .	▁Black ▁carbon ▁is▁a ▁bigger ▁cause ▁of▁the ▁melt ing▁of▁the ▁polar ▁ice ▁cap ▁in▁the ▁Arctic ▁than ▁carbon▁dioxide ▁due▁to▁its ▁effect ▁on▁the ▁alb edo .	▁Black ▁carbon ▁is▁a ▁bigger ▁cause▁of▁the ▁melt ing▁of▁the ▁polar ▁ice ▁cap ▁in▁the ▁Arctic ▁than ▁carbon▁dioxide ▁due▁to▁its ▁effect▁on▁the ▁albedo .	▁Black ▁carbon ▁is▁a ▁bigger ▁cause▁of▁the ▁melt ing▁of▁the ▁polar ▁ice ▁cap ▁in▁the ▁Arctic ▁than ▁carbon▁dioxide ▁due▁to▁its ▁effect▁on▁the ▁albedo .
96	-al,-ar,-ase,-ed,-es,-ing,-ion,-le,con-,mid-,tri-,up-	The uppercase version consists of the two slanting sides of a triangle, crossed in the middle by a horizontal bar.	▁The ▁upper c ase ▁version ▁consist s▁of▁the ▁two ▁sl ant ing ▁sides ▁of▁a ▁tri ang le , ▁cross ed▁in▁the ▁middle ▁by▁a ▁hor izon tal ▁bar .	▁The▁upper case ▁version ▁consists▁of▁the ▁two ▁sl ant ing ▁sides ▁of▁a ▁triangle , ▁cross ed▁in▁the ▁middle ▁by▁a ▁horizontal ▁bar .	▁The▁upper case ▁version ▁consists▁of▁the ▁two ▁sl ant ing ▁sides ▁of▁a ▁triangle , ▁cross ed▁in▁the ▁middle ▁by▁a ▁horizontal ▁bar .	▁The▁upper case ▁version ▁consists▁of▁the ▁two ▁sl ant ing ▁sides ▁of▁a ▁triangle , ▁cross ed▁in▁the ▁middle ▁by▁a ▁horizontal ▁bar .
97	-an,-ed,-er,-ing,-ly,an-,inter-,re-,un-,ur-	During this time, urban interests and African Americans were markedly under- represented.	▁During ▁this▁time , ▁urban ▁interest s▁and ▁African ▁American s▁were ▁mark edly ▁under - ▁represented .	▁During ▁this▁time , ▁urban ▁interest s▁and ▁African ▁American s▁were ▁mark edly ▁under - ▁represented .	▁During ▁this▁time , ▁urban ▁interest s▁and ▁African ▁American s▁were ▁markedly ▁under - ▁represented .	▁During ▁this▁time , ▁urban ▁interests▁and ▁African ▁American s▁were ▁markedly ▁under - ▁represented .
98	-er,-es,-est,-ing,-mo,-ome,al-,an-,com-,tri-	"Some scholars suggest the word comes from the Choctaw ""alba"" (meaning ""plants"" or ""weeds"") and ""amo"" (meaning ""to cut"", ""to trim"", or ""to gather"")."	"▁Some ▁scholars ▁suggest ▁the ▁word ▁comes ▁from▁the ▁Ch o ct aw ▁"" al ba ""▁( me an ing ▁"" pl ants "" ▁or ▁"" we eds "") ▁and ▁"" amo ""▁( me an ing ▁"" to ▁cut "",▁"" to ▁tr im "", ▁or ▁"" to ▁gather "")."	"▁Some ▁scholars ▁suggest ▁the▁word ▁comes▁from▁the ▁Cho ct aw ▁"" al ba ""▁( meaning ▁"" pl ants "" ▁or ▁"" we eds "") ▁and ▁"" amo ""▁( meaning ▁"" to ▁cut "",▁"" to ▁trim "", ▁or ▁"" to ▁gather "")."	"▁Some ▁scholars ▁suggest ▁the▁word ▁comes▁from▁the ▁Choct aw ▁"" al ba ""▁( meaning ▁"" pl ants "" ▁or ▁"" we eds "") ▁and ▁"" amo ""▁( meaning ▁"" to ▁cut "",▁"" to ▁trim "", ▁or ▁"" to ▁gather "")."	"▁Some▁scholars ▁suggest ▁the▁word ▁comes▁from▁the ▁Choctaw ▁"" al ba ""▁( meaning ▁"" plants "" ▁or ▁"" we eds "") ▁and ▁"" amo ""▁( meaning ▁"" to ▁cut "",▁"" to ▁trim "", ▁or ▁"" to ▁gather "")."
99	-ation,-ean,-ence,-es,an-,trans-	Experts in the Muskogean languages have not found any evidence to support such a translation.	▁Ex per ts ▁in▁the ▁Mus ko ge an ▁languages ▁have ▁not ▁found ▁any ▁evidence ▁to▁support ▁such▁a ▁transl ation .	▁Exper ts ▁in▁the ▁Mus ko ge an ▁languages ▁have▁not ▁found ▁any ▁evidence ▁to▁support ▁such▁a ▁translation .	▁Exper ts ▁in▁the ▁Mus ko gean ▁languages ▁have▁not ▁found ▁any ▁evidence ▁to▁support ▁such▁a ▁translation .	▁Experts ▁in▁the ▁Mus ko gean ▁languages ▁have▁not ▁found ▁any ▁evidence ▁to▁support ▁such▁a ▁translation .
100	-ade,-an,-ean,-ed,-er,-es,-ial,-ing,-th,Euro-,an-,be-,con-,tri-,un-	Trade with the northeastern tribes by the Ohio River began during the Burial Mound Period (1000 BC – AD 700) and continued until European contact.	▁Trade ▁with▁the ▁nort heastern ▁trib es ▁by▁the ▁Ohio ▁River ▁began ▁during▁the ▁Bur ial ▁M ound ▁Per iod ▁(1 000 ▁BC ▁– ▁AD ▁7 00 ) ▁and ▁continued ▁until ▁European ▁contact .	▁Trade ▁with▁the ▁northeastern ▁tribes ▁by▁the ▁Ohio ▁River ▁began ▁during▁the ▁Bur ial ▁M ound ▁Period ▁(1 000 ▁BC ▁– ▁AD ▁700 ) ▁and ▁continued ▁until ▁European ▁contact .	▁Trade ▁with▁the ▁northeastern ▁tribes ▁by▁the ▁Ohio▁River ▁began ▁during▁the ▁Bur ial ▁Mound ▁Period ▁(1 000 ▁BC ▁– ▁AD ▁700 ) ▁and ▁continued▁until ▁European ▁contact .	▁Trade ▁with▁the ▁northeastern ▁tribes ▁by▁the ▁Ohio▁River ▁began ▁during▁the ▁Burial ▁Mound ▁Period ▁(1 000 ▁BC ▁– ▁AD ▁700 ) ▁and ▁continued▁until ▁European ▁contact .
